Use RMS;
GO


/*
3 Store
3 Departments -- D1 - Finance, D2 - HR, D3 - Operations
1 employee per department + 1 manages of that store
*/
SET IDENTITY_INSERT EMPLOYEE ON
-- STORE 1 - FENWAY PARK
INSERT [dbo].[EMPLOYEE] ([EMPLOYEEID],[SSN],[FNAME],[LNAME],[DOB],[GENDER],[SALARY],[DEPTID],[EMP_ADDRESS_LINE1],[EMP_ADDRESS_LINE2],[CITY],[MNGRID],[EMPTYPE]) VALUES (1000,'856-12-123','Kevin','Joe',CAST('1985-03-28' AS DATE),'M',45000,NULL,'12 Norm Street','456','Boston',NULL,'F')
INSERT [dbo].[EMPLOYEE] ([EMPLOYEEID],[SSN],[FNAME],[LNAME],[DOB],[GENDER],[SALARY],[DEPTID],[EMP_ADDRESS_LINE1],[EMP_ADDRESS_LINE2],[CITY],[MNGRID],[EMPTYPE]) VALUES (1001,'856-11-678','Jessica','M',CAST('1990-02-16' AS DATE),'F',20000,'D1FK','32 Water Back Street',NULL,'Boston',1000,'C')
INSERT [dbo].[EMPLOYEE] ([EMPLOYEEID],[SSN],[FNAME],[LNAME],[DOB],[GENDER],[SALARY],[DEPTID],[EMP_ADDRESS_LINE1],[EMP_ADDRESS_LINE2],[CITY],[MNGRID],[EMPTYPE]) VALUES (1014,'856-99-678','Hector','M',CAST('1990-02-16' AS DATE),'F',20000,'D1FK','32 Water Back Street',NULL,'Boston',1000,'F')
INSERT [dbo].[EMPLOYEE] ([EMPLOYEEID],[SSN],[FNAME],[LNAME],[DOB],[GENDER],[SALARY],[DEPTID],[EMP_ADDRESS_LINE1],[EMP_ADDRESS_LINE2],[CITY],[MNGRID],[EMPTYPE]) VALUES (1002,'867-01-321','John','Bezos',CAST('1989-03-11' AS DATE),'M',30000,'D2FK','Arlignton Avenue',NULL,'Boston',1000,'F')
INSERT [dbo].[EMPLOYEE] ([EMPLOYEEID],[SSN],[FNAME],[LNAME],[DOB],[GENDER],[SALARY],[DEPTID],[EMP_ADDRESS_LINE1],[EMP_ADDRESS_LINE2],[CITY],[MNGRID],[EMPTYPE]) VALUES (1003,'852-98-876','Jesse','Karla',CAST('1987-08-09' AS DATE),'F',30000,'D3FK','22 Back Bay','12','Boston',1000,'F')
INSERT [dbo].[EMPLOYEE] ([EMPLOYEEID],[SSN],[FNAME],[LNAME],[DOB],[GENDER],[SALARY],[DEPTID],[EMP_ADDRESS_LINE1],[EMP_ADDRESS_LINE2],[CITY],[MNGRID],[EMPTYPE]) VALUES (1004,'852-67-126','Charlie','Brk',CAST('1991-08-09' AS DATE),'M',22000,'D3FK','22 Tettlow Bay',NULL,'Boston',1000,'C')

-- STORE 2 - BOLYSTON STREET
INSERT [dbo].[EMPLOYEE] ([EMPLOYEEID],[SSN],[FNAME],[LNAME],[DOB],[GENDER],[SALARY],[DEPTID],[EMP_ADDRESS_LINE1],[EMP_ADDRESS_LINE2],[CITY],[MNGRID],[EMPTYPE]) VALUES (1005,'845-11-121','Marla','Coop',CAST('1985-03-28' AS DATE),'F',43000,NULL,'12 Opera Street','456','Boston',NULL,'F')
INSERT [dbo].[EMPLOYEE] ([EMPLOYEEID],[SSN],[FNAME],[LNAME],[DOB],[GENDER],[SALARY],[DEPTID],[EMP_ADDRESS_LINE1],[EMP_ADDRESS_LINE2],[CITY],[MNGRID],[EMPTYPE]) VALUES (1006,'809-17-643','Roy','M',CAST('1990-02-16' AS DATE),'M',15000,'D1BS','32 Back Street',NULL,'Boston',1005,'C')
INSERT [dbo].[EMPLOYEE] ([EMPLOYEEID],[SSN],[FNAME],[LNAME],[DOB],[GENDER],[SALARY],[DEPTID],[EMP_ADDRESS_LINE1],[EMP_ADDRESS_LINE2],[CITY],[MNGRID],[EMPTYPE]) VALUES (1007,'816-02-376','Brook','K',CAST('1989-03-11' AS DATE),'M',28000,'D2BS','Arlignton Avenue',NULL,'Boston',1005,'F')
INSERT [dbo].[EMPLOYEE] ([EMPLOYEEID],[SSN],[FNAME],[LNAME],[DOB],[GENDER],[SALARY],[DEPTID],[EMP_ADDRESS_LINE1],[EMP_ADDRESS_LINE2],[CITY],[MNGRID],[EMPTYPE]) VALUES (1008,'885-99-809','Cassey','P',CAST('1987-08-09' AS DATE),'F',28000,'D3BS','12 Back Bay','12','Boston',1005,'F')


-- STORE 3 - COPLEY STREET
INSERT [dbo].[EMPLOYEE] ([EMPLOYEEID],[SSN],[FNAME],[LNAME],[DOB],[GENDER],[SALARY],[DEPTID],[EMP_ADDRESS_LINE1],[EMP_ADDRESS_LINE2],[CITY],[MNGRID],[EMPTYPE]) VALUES (1009,'856-11-111','Laura','Joe',CAST('1985-03-28' AS DATE),'F',45000,NULL,'12 Copely Street','456','Boston',NULL,'F')
INSERT [dbo].[EMPLOYEE] ([EMPLOYEEID],[SSN],[FNAME],[LNAME],[DOB],[GENDER],[SALARY],[DEPTID],[EMP_ADDRESS_LINE1],[EMP_ADDRESS_LINE2],[CITY],[MNGRID],[EMPTYPE]) VALUES (1010,'890-11-678','Joe','M',CAST('1990-02-16' AS DATE),'M',32000,'D1CS','Park Drive Street',NULL,'Boston',1009,'C')
INSERT [dbo].[EMPLOYEE] ([EMPLOYEEID],[SSN],[FNAME],[LNAME],[DOB],[GENDER],[SALARY],[DEPTID],[EMP_ADDRESS_LINE1],[EMP_ADDRESS_LINE2],[CITY],[MNGRID],[EMPTYPE]) VALUES (1011,'567-11-321','Devin','B',CAST('1989-03-11' AS DATE),'M',32000,'D2CS','Arlignton Avenue 12',NULL,'Boston',1009,'F')
INSERT [dbo].[EMPLOYEE] ([EMPLOYEEID],[SSN],[FNAME],[LNAME],[DOB],[GENDER],[SALARY],[DEPTID],[EMP_ADDRESS_LINE1],[EMP_ADDRESS_LINE2],[CITY],[MNGRID],[EMPTYPE]) VALUES (1012,'987-23-876','Kiara','M',CAST('1987-08-09' AS DATE),'F',25000,'D2CS','87 Back Bay',NULL,'Boston',1009,'C')
INSERT [dbo].[EMPLOYEE] ([EMPLOYEEID],[SSN],[FNAME],[LNAME],[DOB],[GENDER],[SALARY],[DEPTID],[EMP_ADDRESS_LINE1],[EMP_ADDRESS_LINE2],[CITY],[MNGRID],[EMPTYPE]) VALUES (1013,'888-09-876','Neo','K',CAST('1987-08-09' AS DATE),'M',32000,'D3CS','Back Bay',NULL,'Boston',1009,'F')


-- STORE 4
INSERT [dbo].[EMPLOYEE] ([EMPLOYEEID],[SSN],[FNAME],[LNAME],[DOB],[GENDER],[SALARY],[DEPTID],[EMP_ADDRESS_LINE1],[EMP_ADDRESS_LINE2],[CITY],[MNGRID],[EMPTYPE]) VALUES (1015,'999-17-111','James','M',CAST('1990-02-16' AS DATE),'M',15000,'D1CT','32 Back Street',NULL,'Boston',NULL,'C')

-- Store 5
INSERT [dbo].[EMPLOYEE] ([EMPLOYEEID],[SSN],[FNAME],[LNAME],[DOB],[GENDER],[SALARY],[DEPTID],[EMP_ADDRESS_LINE1],[EMP_ADDRESS_LINE2],[CITY],[MNGRID],[EMPTYPE]) VALUES (1016,'999-17-456','Kevin','M',CAST('1990-02-16' AS DATE),'M',15000,'D1DH','32 Back Street',NULL,'Boston',NULL,'C')

-- Store 6
INSERT [dbo].[EMPLOYEE] ([EMPLOYEEID],[SSN],[FNAME],[LNAME],[DOB],[GENDER],[SALARY],[DEPTID],[EMP_ADDRESS_LINE1],[EMP_ADDRESS_LINE2],[CITY],[MNGRID],[EMPTYPE]) VALUES (1017,'999-17-098','Roy','M',CAST('1990-02-16' AS DATE),'M',15000,'D1AL','32 Back Street',NULL,'Boston',NULL,'C')

-- Store 7
INSERT [dbo].[EMPLOYEE] ([EMPLOYEEID],[SSN],[FNAME],[LNAME],[DOB],[GENDER],[SALARY],[DEPTID],[EMP_ADDRESS_LINE1],[EMP_ADDRESS_LINE2],[CITY],[MNGRID],[EMPTYPE]) VALUES (1018,'999-17-432','Nevl','M',CAST('1990-02-16' AS DATE),'M',15000,'D1BH','32 Back Street',NULL,'Boston',NULL,'C')

-- Store 8
INSERT [dbo].[EMPLOYEE] ([EMPLOYEEID],[SSN],[FNAME],[LNAME],[DOB],[GENDER],[SALARY],[DEPTID],[EMP_ADDRESS_LINE1],[EMP_ADDRESS_LINE2],[CITY],[MNGRID],[EMPTYPE]) VALUES (1019,'999-17-578','Megh','M',CAST('1990-02-16' AS DATE),'M',15000,'D1CH','32 Back Street',NULL,'Boston',NULL,'C')

-- Store 9
INSERT [dbo].[EMPLOYEE] ([EMPLOYEEID],[SSN],[FNAME],[LNAME],[DOB],[GENDER],[SALARY],[DEPTID],[EMP_ADDRESS_LINE1],[EMP_ADDRESS_LINE2],[CITY],[MNGRID],[EMPTYPE]) VALUES (1020,'999-17-340','Sussan','M',CAST('1990-02-16' AS DATE),'M',15000,'D1HP','32 Back Street',NULL,'Boston',NULL,'C')

-- Store 10
INSERT [dbo].[EMPLOYEE] ([EMPLOYEEID],[SSN],[FNAME],[LNAME],[DOB],[GENDER],[SALARY],[DEPTID],[EMP_ADDRESS_LINE1],[EMP_ADDRESS_LINE2],[CITY],[MNGRID],[EMPTYPE]) VALUES (1021,'999-07-923','Lorre','M',CAST('1990-02-16' AS DATE),'M',15000,'D1SE','32 Back Street',NULL,'Boston',NULL,'C')
SET IDENTITY_INSERT EMPLOYEE OFF
GO



----------------- FULL TIME EMPLOYEE ----------------
INSERT [dbo].[FULLTIMEEMP]([FEMPID],[BONUS],[POSITION]) VALUES (1000,10000,'Manager')
INSERT [dbo].[FULLTIMEEMP]([FEMPID],[BONUS],[POSITION]) VALUES (1002,8000,'Employee')
INSERT [dbo].[FULLTIMEEMP]([FEMPID],[BONUS],[POSITION]) VALUES (1003,8000,'Employee')
INSERT [dbo].[FULLTIMEEMP]([FEMPID],[BONUS],[POSITION]) VALUES (1005,10000,'Manager')
INSERT [dbo].[FULLTIMEEMP]([FEMPID],[BONUS],[POSITION]) VALUES (1007,8000,'Employee')
INSERT [dbo].[FULLTIMEEMP]([FEMPID],[BONUS],[POSITION]) VALUES (1008,8000,'Employee')
INSERT [dbo].[FULLTIMEEMP]([FEMPID],[BONUS],[POSITION]) VALUES (1009,10000,'Manager')
INSERT [dbo].[FULLTIMEEMP]([FEMPID],[BONUS],[POSITION]) VALUES (1011,8000,'Employee')
INSERT [dbo].[FULLTIMEEMP]([FEMPID],[BONUS],[POSITION]) VALUES (1013,8000,'Employee')
INSERT [dbo].[FULLTIMEEMP]([FEMPID],[BONUS],[POSITION]) VALUES (1014,8000,'Employee')
GO
-------------- CONTRACT EMPLOYEE ---------------
INSERT [dbo].[CONTRACTEMP]([CEMPID],[CONTRACTDURATION],[CONTRACTORAGENCY]) VALUES (1001,'32 Months','LA WERKS')
INSERT [dbo].[CONTRACTEMP]([CEMPID],[CONTRACTDURATION],[CONTRACTORAGENCY]) VALUES (1004,'12 Months','LA WERKS')
INSERT [dbo].[CONTRACTEMP]([CEMPID],[CONTRACTDURATION],[CONTRACTORAGENCY]) VALUES (1006,'32 Months','LA WERKS')
INSERT [dbo].[CONTRACTEMP]([CEMPID],[CONTRACTDURATION],[CONTRACTORAGENCY]) VALUES (1010,'18 Months','LA WERKS')
INSERT [dbo].[CONTRACTEMP]([CEMPID],[CONTRACTDURATION],[CONTRACTORAGENCY]) VALUES (1012,'32 Months','LA WERKS')

INSERT [dbo].[CONTRACTEMP]([CEMPID],[CONTRACTDURATION],[CONTRACTORAGENCY]) VALUES (1015,'32 Months','LA WERKS')
INSERT [dbo].[CONTRACTEMP]([CEMPID],[CONTRACTDURATION],[CONTRACTORAGENCY]) VALUES (1016,'32 Months','LA WERKS')
INSERT [dbo].[CONTRACTEMP]([CEMPID],[CONTRACTDURATION],[CONTRACTORAGENCY]) VALUES (1017,'32 Months','LA WERKS')
INSERT [dbo].[CONTRACTEMP]([CEMPID],[CONTRACTDURATION],[CONTRACTORAGENCY]) VALUES (1018,'32 Months','LA WERKS')
INSERT [dbo].[CONTRACTEMP]([CEMPID],[CONTRACTDURATION],[CONTRACTORAGENCY]) VALUES (1019,'32 Months','LA WERKS')
INSERT [dbo].[CONTRACTEMP]([CEMPID],[CONTRACTDURATION],[CONTRACTORAGENCY]) VALUES (1020,'32 Months','LA WERKS')
INSERT [dbo].[CONTRACTEMP]([CEMPID],[CONTRACTDURATION],[CONTRACTORAGENCY]) VALUES (1021,'32 Months','LA WERKS')
GO

---------------------- STORE -----------------------------
SET IDENTITY_INSERT STORE ON
INSERT [dbo].[STORE]([STOREID],[LOCATIONNAME],[LMGRID]) VALUES(1, 'Fenaway Park', 1000)
INSERT [dbo].[STORE]([STOREID],[LOCATIONNAME],[LMGRID]) VALUES(2, 'Bolyston Street', 1005)
INSERT [dbo].[STORE]([STOREID],[LOCATIONNAME],[LMGRID]) VALUES(3, 'Copley Street', 1009)

INSERT [dbo].[STORE]([STOREID],[LOCATIONNAME],[LMGRID]) VALUES(4, 'Charlestown', 1015)
INSERT [dbo].[STORE]([STOREID],[LOCATIONNAME],[LMGRID]) VALUES(5, 'Dorchester', 1016)
INSERT [dbo].[STORE]([STOREID],[LOCATIONNAME],[LMGRID]) VALUES(6, 'Allston', 1017)
INSERT [dbo].[STORE]([STOREID],[LOCATIONNAME],[LMGRID]) VALUES(7, 'Beacon Hill', 1018)
INSERT [dbo].[STORE]([STOREID],[LOCATIONNAME],[LMGRID]) VALUES(8, 'Chinatown', 1019)
INSERT [dbo].[STORE]([STOREID],[LOCATIONNAME],[LMGRID]) VALUES(9, 'Hyde Park', 1020)
INSERT [dbo].[STORE]([STOREID],[LOCATIONNAME],[LMGRID]) VALUES(10, 'South End', 1021)

SET IDENTITY_INSERT STORE OFF
GO

------------------------ DEPARTMENT ---------------------

-- -- D1 - Finance, D2 - HR, D3 - Operations
INSERT [dbo].[DEPARTMENT]([DEPTID],DEPTNAME,MANGERID,STOREID) VALUES('D1FK','Finance Department',1000,1)
INSERT [dbo].[DEPARTMENT]([DEPTID],DEPTNAME,MANGERID,STOREID) VALUES('D2FK','HR Department',1000,1)
INSERT [dbo].[DEPARTMENT]([DEPTID],DEPTNAME,MANGERID,STOREID) VALUES('D3FK','Operations Department',1000,1)

INSERT [dbo].[DEPARTMENT]([DEPTID],DEPTNAME,MANGERID,STOREID) VALUES('D1BS','Finance Department',1005,2)
INSERT [dbo].[DEPARTMENT]([DEPTID],DEPTNAME,MANGERID,STOREID) VALUES('D2BS','HR Department',1005,2)
INSERT [dbo].[DEPARTMENT]([DEPTID],DEPTNAME,MANGERID,STOREID) VALUES('D3BS','Operations Department',1005,2)

INSERT [dbo].[DEPARTMENT]([DEPTID],DEPTNAME,MANGERID,STOREID) VALUES('D1CS','Finance Department',1009,3)
INSERT [dbo].[DEPARTMENT]([DEPTID],DEPTNAME,MANGERID,STOREID) VALUES('D2CS','HR Department',1009,3)
INSERT [dbo].[DEPARTMENT]([DEPTID],DEPTNAME,MANGERID,STOREID) VALUES('D3CS','Operations Department',1009,3)

INSERT [dbo].[DEPARTMENT]([DEPTID],DEPTNAME,MANGERID,STOREID) VALUES('D1CT','Operations Department',1015,4)

INSERT [dbo].[DEPARTMENT]([DEPTID],DEPTNAME,MANGERID,STOREID) VALUES('D1DH','Operations Department',1016,5)

INSERT [dbo].[DEPARTMENT]([DEPTID],DEPTNAME,MANGERID,STOREID) VALUES('D1AL','Operations Department',1017,6)
INSERT [dbo].[DEPARTMENT]([DEPTID],DEPTNAME,MANGERID,STOREID) VALUES('D1BH','Operations Department',1018,7)
INSERT [dbo].[DEPARTMENT]([DEPTID],DEPTNAME,MANGERID,STOREID) VALUES('D1CH','Operations Department',1019,8)
INSERT [dbo].[DEPARTMENT]([DEPTID],DEPTNAME,MANGERID,STOREID) VALUES('D1HP','Operations Department',1020,9)
INSERT [dbo].[DEPARTMENT]([DEPTID],DEPTNAME,MANGERID,STOREID) VALUES('D1SE','Operations Department',1021,10)




----- CUSTOMER TABLE ----

SET IDENTITY_INSERT CUSTOMER ON
INSERT [dbo].[Customer] ([CUSTOMERID], [CUSTFNAME], [CUSTLNAME], [CUSTGENDER], [ADDRESSLINE], [CITY], [ZIP], [PHONE], [DOB], [EMAIL]) VALUES (1000,'Meghanshu','Bhatt','M','75 Saint Aplhonsus','Boston',02120,8573816072,CAST('1998-12-09' AS DATE),'meghanshubhatt@gmail.com')
INSERT [dbo].[Customer] ([CUSTOMERID], [CUSTFNAME], [CUSTLNAME], [CUSTGENDER], [ADDRESSLINE], [CITY], [ZIP], [PHONE], [DOB], [EMAIL]) VALUES (1001,'Deep','Bhatt','M','Tettlow Street','Boston',02121,8573818012,CAST('2001-01-15' AS DATE),'deepbhatt@gmail.com')
INSERT [dbo].[Customer] ([CUSTOMERID], [CUSTFNAME], [CUSTLNAME], [CUSTGENDER], [ADDRESSLINE], [CITY], [ZIP], [PHONE], [DOB], [EMAIL]) VALUES (1002,'Drishti','Surve','F','Park Drive','Boston',02111,8573348912,CAST('1995-07-17' AS DATE),'surve@gmail.com')
INSERT [dbo].[Customer] ([CUSTOMERID], [CUSTFNAME], [CUSTLNAME], [CUSTGENDER], [ADDRESSLINE], [CITY], [ZIP], [PHONE], [DOB], [EMAIL]) VALUES (1003,'Jhon','Doe','M','121 Broks Street','Boston',02171,7893348912,CAST('1990-09-28' AS DATE),'doe@gmail.com')
INSERT [dbo].[Customer] ([CUSTOMERID], [CUSTFNAME], [CUSTLNAME], [CUSTGENDER], [ADDRESSLINE], [CITY], [ZIP], [PHONE], [DOB], [EMAIL]) VALUES (1004,'Abhisekh','Chaudhari','M','75 Saint Aplhonsus','Boston',02120,7893348123,CAST('1998-01-28' AS DATE),'abh@gmail.com')
INSERT [dbo].[Customer] ([CUSTOMERID], [CUSTFNAME], [CUSTLNAME], [CUSTGENDER], [ADDRESSLINE], [CITY], [ZIP], [PHONE], [DOB], [EMAIL]) VALUES (1005,'Shweta','Churi','F','75 Saint Aplhonsus','Boston',02120,8573816073,CAST('1999-02-14' AS DATE),'shwetachuri@gmail.com')
INSERT [dbo].[Customer] ([CUSTOMERID], [CUSTFNAME], [CUSTLNAME], [CUSTGENDER], [ADDRESSLINE], [CITY], [ZIP], [PHONE], [DOB], [EMAIL]) VALUES (1006,'Donna','Darji','F','Park Street','Boston',02126,7178476073,CAST('1997-06-14' AS DATE),'dharji@gmail.com')
INSERT [dbo].[Customer] ([CUSTOMERID], [CUSTFNAME], [CUSTLNAME], [CUSTGENDER], [ADDRESSLINE], [CITY], [ZIP], [PHONE], [DOB], [EMAIL]) VALUES (1007,'Rohan','Arora','M','Brooklyn Street','Boston',02134,7891235432,CAST('1998-11-14' AS DATE),'arora@gmail.com')

INSERT [dbo].[Customer] ([CUSTOMERID], [CUSTFNAME], [CUSTLNAME], [CUSTGENDER], [ADDRESSLINE], [CITY], [ZIP], [PHONE], [DOB], [EMAIL]) VALUES (1008,'Raghav','Khanna','M','Becoon Street','Boston',02198,7127835672,CAST('1990-12-14' AS DATE),'khanna@gmail.com')
INSERT [dbo].[Customer] ([CUSTOMERID], [CUSTFNAME], [CUSTLNAME], [CUSTGENDER], [ADDRESSLINE], [CITY], [ZIP], [PHONE], [DOB], [EMAIL]) VALUES (1009,'Pooja','K','F','Back Bay','Boston',02124,5672341234,CAST('1993-03-17' AS DATE),'pooja@gmail.com')
INSERT [dbo].[Customer] ([CUSTOMERID], [CUSTFNAME], [CUSTLNAME], [CUSTGENDER], [ADDRESSLINE], [CITY], [ZIP], [PHONE], [DOB], [EMAIL]) VALUES (1010,'Raj','Metha','M','Coopley Street 12','Boston',02177,8914561234,CAST('1999-11-14' AS DATE),'metha@gmail.com')
INSERT [dbo].[Customer] ([CUSTOMERID], [CUSTFNAME], [CUSTLNAME], [CUSTGENDER], [ADDRESSLINE], [CITY], [ZIP], [PHONE], [DOB], [EMAIL]) VALUES (1011,'Shrushti','Dave','F','Brooklyn Street','Boston',02134,8773451234,CAST('1998-12-18' AS DATE),'dave@gmail.com')
INSERT [dbo].[Customer] ([CUSTOMERID], [CUSTFNAME], [CUSTLNAME], [CUSTGENDER], [ADDRESSLINE], [CITY], [ZIP], [PHONE], [DOB], [EMAIL]) VALUES (1012,'Ankita','Jha','F','78 Street','Boston',02123,9891235465,CAST('1993-10-01' AS DATE),'jha@gmail.com')
INSERT [dbo].[Customer] ([CUSTOMERID], [CUSTFNAME], [CUSTLNAME], [CUSTGENDER], [ADDRESSLINE], [CITY], [ZIP], [PHONE], [DOB], [EMAIL]) VALUES (1013,'Mayank','Goyel','M','Brooklyn Street','Boston',02134,7894563211,CAST('1993-03-14' AS DATE),'mayank@gmail.com')
INSERT [dbo].[Customer] ([CUSTOMERID], [CUSTFNAME], [CUSTLNAME], [CUSTGENDER], [ADDRESSLINE], [CITY], [ZIP], [PHONE], [DOB], [EMAIL]) VALUES (1014,'Dhaval','Shah','M','101 Street','Boston',02399,9852221212,CAST('1991-05-19' AS DATE),'dhaval@gmail.com')
-- INSERT COMMANDS ADDED BY VAGISHA FOR CUSTOMER
INSERT [dbo].[Customer] ([CUSTOMERID], [CUSTFNAME], [CUSTLNAME], [CUSTGENDER], [ADDRESSLINE], [CITY], [ZIP], [PHONE], [DOB], [EMAIL]) VALUES (1015,'Nazareth','Roland','M','11 Overlook Ridge','Boston',02215,8572058459,CAST('1990-04-20' AS DATE),'rolandpaul@gmail.com')
INSERT [dbo].[Customer] ([CUSTOMERID], [CUSTFNAME], [CUSTLNAME], [CUSTGENDER], [ADDRESSLINE], [CITY], [ZIP], [PHONE], [DOB], [EMAIL]) VALUES (1016,'Pullan','Pearl','F','231 Park Drive','Boston',02216,8572065453,CAST('1992-01-24' AS DATE),'pearlpullan@gmail.com')
INSERT [dbo].[Customer] ([CUSTOMERID], [CUSTFNAME], [CUSTLNAME], [CUSTGENDER], [ADDRESSLINE], [CITY], [ZIP], [PHONE], [DOB], [EMAIL]) VALUES (1017,'Sharma','Arunima','F','11 Mission Main','Boston',02198,8751297898,CAST('1992-05-29' AS DATE),'arunima@gmail.com')
INSERT [dbo].[Customer] ([CUSTOMERID], [CUSTFNAME], [CUSTLNAME], [CUSTGENDER], [ADDRESSLINE], [CITY], [ZIP], [PHONE], [DOB], [EMAIL]) VALUES (1018,'Lakshmipathy','Chaya','F','12 Main Street','Boston',02391,8572058458,CAST('1991-08-11' AS DATE),'chayal@gmail.com')
INSERT [dbo].[Customer] ([CUSTOMERID], [CUSTFNAME], [CUSTLNAME], [CUSTGENDER], [ADDRESSLINE], [CITY], [ZIP], [PHONE], [DOB], [EMAIL]) VALUES (1019,'Singh','Isham','M','11 Fenway Street','Boston',02215,8572058546,CAST('1990-02-21' AS DATE),'ishamsingh21@gmail.com')
INSERT [dbo].[Customer] ([CUSTOMERID], [CUSTFNAME], [CUSTLNAME], [CUSTGENDER], [ADDRESSLINE], [CITY], [ZIP], [PHONE], [DOB], [EMAIL]) VALUES (1020,'Majumdar','Mrudul','M','231 Park Drive','Boston',02215,8344567656,CAST('1992-01-01' AS DATE),'mrudul123@gmail.com')



SET IDENTITY_INSERT CUSTOMER OFF
GO


---- PRODUCT TABLE INSERTION

SET IDENTITY_INSERT PRODUCT ON
INSERT [dbo].[PRODUCT] ([PRODUCTID],[PRODUCTNAME],[PRODUCTTYPE],[PRODUCTDESC],[UNITPRICE]) VALUES (1,'Adidas Shorts','Sportswear','Sports Wear Shorts',60)
INSERT [dbo].[PRODUCT] ([PRODUCTID],[PRODUCTNAME],[PRODUCTTYPE],[PRODUCTDESC],[UNITPRICE]) VALUES (2,'Adidas Sports Shoes X','Footwear','Sports Wear Shoes',120)
INSERT [dbo].[PRODUCT] ([PRODUCTID],[PRODUCTNAME],[PRODUCTTYPE],[PRODUCTDESC],[UNITPRICE]) VALUES (3,'Nike Shirt Formal','Shirt','Formal Wear',130)
INSERT [dbo].[PRODUCT] ([PRODUCTID],[PRODUCTNAME],[PRODUCTTYPE],[PRODUCTDESC],[UNITPRICE]) VALUES (4,'Nike Shoes','Footwear','Sports Wear Shoes',250)
INSERT [dbo].[PRODUCT] ([PRODUCTID],[PRODUCTNAME],[PRODUCTTYPE],[PRODUCTDESC],[UNITPRICE]) VALUES (5,'Puma Shoes','Footwear','Sports Wear Shoes',120)
INSERT [dbo].[PRODUCT] ([PRODUCTID],[PRODUCTNAME],[PRODUCTTYPE],[PRODUCTDESC],[UNITPRICE]) VALUES (6,'Puma Socks','Footwear','Sports Wear',30)
INSERT [dbo].[PRODUCT] ([PRODUCTID],[PRODUCTNAME],[PRODUCTTYPE],[PRODUCTDESC],[UNITPRICE]) VALUES (7,'Nike Trousers','Sportswear','Trousers',230)
INSERT [dbo].[PRODUCT] ([PRODUCTID],[PRODUCTNAME],[PRODUCTTYPE],[PRODUCTDESC],[UNITPRICE]) VALUES (8,'Adidas Shirt','Sportswear','Shirt',230)
INSERT [dbo].[PRODUCT] ([PRODUCTID],[PRODUCTNAME],[PRODUCTTYPE],[PRODUCTDESC],[UNITPRICE]) VALUES (9,'Allen Solly Tie','Formal','Formal Wear',50)
INSERT [dbo].[PRODUCT] ([PRODUCTID],[PRODUCTNAME],[PRODUCTTYPE],[PRODUCTDESC],[UNITPRICE]) VALUES (10,'Allen Solly Shirt Formal','Formal','Formal Wear',120)
SET IDENTITY_INSERT PRODUCT OFF
GO

----------------------------WAREHOUSE---------------------
SET IDENTITY_INSERT WAREHOUSE ON
INSERT [dbo].[WAREHOUSE]([WAREHOUSEID],[WAREHOUSENAME],[STORAGESPACE], [STOREID], [CAPACITY],[ADDRESS]) VALUES(1, 'S.BOSTON WAREHOUSE', 111768,1 ,1056, 'Park Drive, Boston, MA' )
INSERT [dbo].[WAREHOUSE]([WAREHOUSEID],[WAREHOUSENAME],[STORAGESPACE], [STOREID], [CAPACITY],[ADDRESS]) VALUES(2, 'S.BOSTON WAREHOUSE', 111768,2 ,1056, 'Park Drive, Boston, MA' )
INSERT [dbo].[WAREHOUSE]([WAREHOUSEID],[WAREHOUSENAME],[STORAGESPACE], [STOREID], [CAPACITY],[ADDRESS]) VALUES(3, 'N.BOSTON WAREHOUSE', 211765,3 ,2046, 'Malden, Boston, MA' )

INSERT [dbo].[WAREHOUSE]([WAREHOUSEID],[WAREHOUSENAME],[STORAGESPACE], [STOREID], [CAPACITY],[ADDRESS]) VALUES(4, 'S.BOSTON WAREHOUSE',  111768,4 ,1056, 'Park Drive, Boston, MA' )
INSERT [dbo].[WAREHOUSE]([WAREHOUSEID],[WAREHOUSENAME],[STORAGESPACE], [STOREID], [CAPACITY],[ADDRESS]) VALUES(5, 'S.BOSTON WAREHOUSE',  111768,5 ,1056, 'Park Drive, Boston, MA' )
INSERT [dbo].[WAREHOUSE]([WAREHOUSEID],[WAREHOUSENAME],[STORAGESPACE], [STOREID], [CAPACITY],[ADDRESS]) VALUES(6, 'S.BOSTON WAREHOUSE',  111768,6 ,1056, 'Park Drive, Boston, MA' )
INSERT [dbo].[WAREHOUSE]([WAREHOUSEID],[WAREHOUSENAME],[STORAGESPACE], [STOREID], [CAPACITY],[ADDRESS]) VALUES(7, 'S.BOSTON WAREHOUSE',  111768,7 ,1056, 'Park Drive, Boston, MA' )

INSERT [dbo].[WAREHOUSE]([WAREHOUSEID],[WAREHOUSENAME],[STORAGESPACE], [STOREID], [CAPACITY],[ADDRESS]) VALUES(8, 'N.BOSTON WAREHOUSE', 211765,8 ,2046, 'Malden, Boston, MA' )
INSERT [dbo].[WAREHOUSE]([WAREHOUSEID],[WAREHOUSENAME],[STORAGESPACE], [STOREID], [CAPACITY],[ADDRESS]) VALUES(9, 'N.BOSTON WAREHOUSE', 211765,9 ,2046, 'Malden, Boston, MA' )
INSERT [dbo].[WAREHOUSE]([WAREHOUSEID],[WAREHOUSENAME],[STORAGESPACE], [STOREID], [CAPACITY],[ADDRESS]) VALUES(10, 'N.BOSTON WAREHOUSE', 211765,10 ,2046, 'Malden, Boston, MA' )


SET IDENTITY_INSERT WAREHOUSE OFF
GO


---------------------- STOCK PRODUCT ---------------------------------------
INSERT [dbo].STOCK_PRODUCT([WAREHOUSEID],[PRODUCTID],[QUANTITY]) VALUES(1,2,50)
INSERT [dbo].STOCK_PRODUCT([WAREHOUSEID],[PRODUCTID],[QUANTITY]) VALUES(1,1,50)
INSERT [dbo].STOCK_PRODUCT([WAREHOUSEID],[PRODUCTID],[QUANTITY]) VALUES(1,3,67)
INSERT [dbo].STOCK_PRODUCT([WAREHOUSEID],[PRODUCTID],[QUANTITY]) VALUES(2,2,50)
INSERT [dbo].STOCK_PRODUCT([WAREHOUSEID],[PRODUCTID],[QUANTITY]) VALUES(2,1,50)
INSERT [dbo].STOCK_PRODUCT([WAREHOUSEID],[PRODUCTID],[QUANTITY]) VALUES(2,3,67)
INSERT [dbo].STOCK_PRODUCT([WAREHOUSEID],[PRODUCTID],[QUANTITY]) VALUES(3,5,90)
INSERT [dbo].STOCK_PRODUCT([WAREHOUSEID],[PRODUCTID],[QUANTITY]) VALUES(3,2,50)
INSERT [dbo].STOCK_PRODUCT([WAREHOUSEID],[PRODUCTID],[QUANTITY]) VALUES(3,4,80)
INSERT [dbo].STOCK_PRODUCT([WAREHOUSEID],[PRODUCTID],[QUANTITY]) VALUES(3,6,300)
INSERT [dbo].STOCK_PRODUCT([WAREHOUSEID],[PRODUCTID],[QUANTITY]) VALUES(3,1,45)
INSERT [dbo].STOCK_PRODUCT([WAREHOUSEID],[PRODUCTID],[QUANTITY]) VALUES(3,7,65)
INSERT [dbo].STOCK_PRODUCT([WAREHOUSEID],[PRODUCTID],[QUANTITY]) VALUES(3,8,8)
INSERT [dbo].STOCK_PRODUCT([WAREHOUSEID],[PRODUCTID],[QUANTITY]) VALUES(3,9,30)
INSERT [dbo].STOCK_PRODUCT([WAREHOUSEID],[PRODUCTID],[QUANTITY]) VALUES(3,10,450)

INSERT [dbo].STOCK_PRODUCT([WAREHOUSEID],[PRODUCTID],[QUANTITY]) VALUES(4,2,50)
INSERT [dbo].STOCK_PRODUCT([WAREHOUSEID],[PRODUCTID],[QUANTITY]) VALUES(4,1,50)
INSERT [dbo].STOCK_PRODUCT([WAREHOUSEID],[PRODUCTID],[QUANTITY]) VALUES(4,3,67)

INSERT [dbo].STOCK_PRODUCT([WAREHOUSEID],[PRODUCTID],[QUANTITY]) VALUES(5,2,50)
INSERT [dbo].STOCK_PRODUCT([WAREHOUSEID],[PRODUCTID],[QUANTITY]) VALUES(5,1,50)
INSERT [dbo].STOCK_PRODUCT([WAREHOUSEID],[PRODUCTID],[QUANTITY]) VALUES(5,3,67)

INSERT [dbo].STOCK_PRODUCT([WAREHOUSEID],[PRODUCTID],[QUANTITY]) VALUES(6,2,50)
INSERT [dbo].STOCK_PRODUCT([WAREHOUSEID],[PRODUCTID],[QUANTITY]) VALUES(6,1,50)
INSERT [dbo].STOCK_PRODUCT([WAREHOUSEID],[PRODUCTID],[QUANTITY]) VALUES(6,3,67)

INSERT [dbo].STOCK_PRODUCT([WAREHOUSEID],[PRODUCTID],[QUANTITY]) VALUES(7,2,50)
INSERT [dbo].STOCK_PRODUCT([WAREHOUSEID],[PRODUCTID],[QUANTITY]) VALUES(7,1,50)
INSERT [dbo].STOCK_PRODUCT([WAREHOUSEID],[PRODUCTID],[QUANTITY]) VALUES(7,3,67)

INSERT [dbo].STOCK_PRODUCT([WAREHOUSEID],[PRODUCTID],[QUANTITY]) VALUES(8,2,50)
INSERT [dbo].STOCK_PRODUCT([WAREHOUSEID],[PRODUCTID],[QUANTITY]) VALUES(8,1,50)
INSERT [dbo].STOCK_PRODUCT([WAREHOUSEID],[PRODUCTID],[QUANTITY]) VALUES(8,3,67)

INSERT [dbo].STOCK_PRODUCT([WAREHOUSEID],[PRODUCTID],[QUANTITY]) VALUES(9,2,50)
INSERT [dbo].STOCK_PRODUCT([WAREHOUSEID],[PRODUCTID],[QUANTITY]) VALUES(9,1,50)
INSERT [dbo].STOCK_PRODUCT([WAREHOUSEID],[PRODUCTID],[QUANTITY]) VALUES(9,3,67)

INSERT [dbo].STOCK_PRODUCT([WAREHOUSEID],[PRODUCTID],[QUANTITY]) VALUES(10,2,50)
INSERT [dbo].STOCK_PRODUCT([WAREHOUSEID],[PRODUCTID],[QUANTITY]) VALUES(10,1,50)
INSERT [dbo].STOCK_PRODUCT([WAREHOUSEID],[PRODUCTID],[QUANTITY]) VALUES(10,3,67)





-------------------

----------- ORDER-------------SET IDENTITY_INSERT [dbo].[Order] ONINSERT [dbo].[ORDER] ([ORDERID],[CUSTOMERID],[ORDERTYPE], [STOREID], [ORDERDATE], [PAYMENTID]) VALUES (1,1000,'OFFLINE',1,NULL, 100)INSERT [dbo].[ORDER] ([ORDERID],[CUSTOMERID],[ORDERTYPE], [STOREID], [ORDERDATE], [PAYMENTID]) VALUES (2,1000,'ONLINE',1,NULL,101)INSERT [dbo].[ORDER] ([ORDERID],[CUSTOMERID],[ORDERTYPE], [STOREID], [ORDERDATE], [PAYMENTID]) VALUES (3,1001,'ONLINE',1,NULL, 102)INSERT [dbo].[ORDER] ([ORDERID],[CUSTOMERID],[ORDERTYPE], [STOREID], [ORDERDATE], [PAYMENTID]) VALUES (4,1002,'ONLINE',2,NULL, 103)INSERT [dbo].[ORDER] ([ORDERID],[CUSTOMERID],[ORDERTYPE], [STOREID], [ORDERDATE], [PAYMENTID]) VALUES (5,1003,'OFFLINE',2,NULL,104)INSERT [dbo].[ORDER] ([ORDERID],[CUSTOMERID],[ORDERTYPE], [STOREID], [ORDERDATE], [PAYMENTID]) VALUES (6,1004,'OFFLINE',2,NULL,105)INSERT [dbo].[ORDER] ([ORDERID],[CUSTOMERID],[ORDERTYPE], [STOREID], [ORDERDATE], [PAYMENTID]) VALUES (7,1005,'OFFLINE',3,NULL,106)INSERT [dbo].[ORDER] ([ORDERID],[CUSTOMERID],[ORDERTYPE], [STOREID], [ORDERDATE], [PAYMENTID]) VALUES (8,1006,'OFFLINE',3,NULL,107)INSERT [dbo].[ORDER] ([ORDERID],[CUSTOMERID],[ORDERTYPE], [STOREID], [ORDERDATE], [PAYMENTID]) VALUES (9,1007,'OFFLINE',3,NULL,108)

SET IDENTITY_INSERT [dbo].[Order] ON

INSERT [dbo].[ORDER] ([ORDERID],[CUSTOMERID],[ORDERTYPE], [STOREID], [ORDERDATE]) VALUES (1,1000,'OFFLINE',1,NULL)

INSERT [dbo].[ORDER] ([ORDERID],[CUSTOMERID],[ORDERTYPE], [STOREID], [ORDERDATE]) VALUES (2,1000,'ONLINE',1,NULL)

INSERT [dbo].[ORDER] ([ORDERID],[CUSTOMERID],[ORDERTYPE], [STOREID], [ORDERDATE]) VALUES (3,1001,'ONLINE',1,NULL)

INSERT [dbo].[ORDER] ([ORDERID],[CUSTOMERID],[ORDERTYPE], [STOREID], [ORDERDATE]) VALUES (4,1002,'ONLINE',2,NULL)

INSERT [dbo].[ORDER] ([ORDERID],[CUSTOMERID],[ORDERTYPE], [STOREID], [ORDERDATE]) VALUES (5,1003,'OFFLINE',2,NULL)

INSERT [dbo].[ORDER] ([ORDERID],[CUSTOMERID],[ORDERTYPE], [STOREID], [ORDERDATE]) VALUES (6,1004,'OFFLINE',2,NULL)

INSERT [dbo].[ORDER] ([ORDERID],[CUSTOMERID],[ORDERTYPE], [STOREID], [ORDERDATE]) VALUES (7,1005,'OFFLINE',3,NULL)

INSERT [dbo].[ORDER] ([ORDERID],[CUSTOMERID],[ORDERTYPE], [STOREID], [ORDERDATE]) VALUES (8,1006,'OFFLINE',3,NULL)

INSERT [dbo].[ORDER] ([ORDERID],[CUSTOMERID],[ORDERTYPE], [STOREID], [ORDERDATE]) VALUES (9,1007,'OFFLINE',3,NULL)
INSERT [dbo].[ORDER] ([ORDERID],[CUSTOMERID],[ORDERTYPE], [STOREID], [ORDERDATE]) VALUES(10,1008,'ONLINE',1,NULL)

INSERT [dbo].[ORDER] ([ORDERID],[CUSTOMERID],[ORDERTYPE], [STOREID], [ORDERDATE]) VALUES(11,1009,'ONLINE',1,NULL)

INSERT [dbo].[ORDER] ([ORDERID],[CUSTOMERID],[ORDERTYPE], [STOREID], [ORDERDATE]) VALUES (12,1010,'ONLINE',1,NULL)

INSERT [dbo].[ORDER] ([ORDERID],[CUSTOMERID],[ORDERTYPE], [STOREID], [ORDERDATE]) VALUES (13,1011,'ONLINE',2,NULL)

INSERT [dbo].[ORDER] ([ORDERID],[CUSTOMERID],[ORDERTYPE], [STOREID], [ORDERDATE]) VALUES (14,1012,'ONLINE',2,NULL)

INSERT [dbo].[ORDER] ([ORDERID],[CUSTOMERID],[ORDERTYPE], [STOREID], [ORDERDATE]) VALUES (15,1013,'ONLINE',2,NULL)

INSERT [dbo].[ORDER] ([ORDERID],[CUSTOMERID],[ORDERTYPE], [STOREID], [ORDERDATE]) VALUES (16,1014,'OFFLINE',3,NULL)
-- NEW ORDER INSERT BY VAGISHA
INSERT [dbo].[ORDER] ([ORDERID],[CUSTOMERID],[ORDERTYPE], [STOREID], [ORDERDATE]) VALUES (17,1015,'ONLINE',1,NULL)

INSERT [dbo].[ORDER] ([ORDERID],[CUSTOMERID],[ORDERTYPE], [STOREID], [ORDERDATE]) VALUES (18,1015,'ONLINE',2,NULL)

INSERT [dbo].[ORDER] ([ORDERID],[CUSTOMERID],[ORDERTYPE], [STOREID], [ORDERDATE]) VALUES (19,1016,'OFFLINE',3,NULL)

INSERT [dbo].[ORDER] ([ORDERID],[CUSTOMERID],[ORDERTYPE], [STOREID], [ORDERDATE]) VALUES (20,1016,'ONLINE',2,NULL)

INSERT [dbo].[ORDER] ([ORDERID],[CUSTOMERID],[ORDERTYPE], [STOREID], [ORDERDATE]) VALUES (21,1017,'OFFLINE',1,NULL)

INSERT [dbo].[ORDER] ([ORDERID],[CUSTOMERID],[ORDERTYPE], [STOREID], [ORDERDATE]) VALUES (22,1017,'ONLINE',2,NULL)

INSERT [dbo].[ORDER] ([ORDERID],[CUSTOMERID],[ORDERTYPE], [STOREID], [ORDERDATE]) VALUES (23,1018,'OFFLINE',3,NULL)

INSERT [dbo].[ORDER] ([ORDERID],[CUSTOMERID],[ORDERTYPE], [STOREID], [ORDERDATE]) VALUES (24,1018,'ONLINE',1,NULL)

INSERT [dbo].[ORDER] ([ORDERID],[CUSTOMERID],[ORDERTYPE], [STOREID], [ORDERDATE]) VALUES (25,1019,'ONLINE',2,NULL)

INSERT [dbo].[ORDER] ([ORDERID],[CUSTOMERID],[ORDERTYPE], [STOREID], [ORDERDATE]) VALUES (26,1019,'OFFLINE',2,NULL)

INSERT [dbo].[ORDER] ([ORDERID],[CUSTOMERID],[ORDERTYPE], [STOREID], [ORDERDATE]) VALUES (27,1019,'OFFLINE',3,NULL)

INSERT [dbo].[ORDER] ([ORDERID],[CUSTOMERID],[ORDERTYPE], [STOREID], [ORDERDATE]) VALUES (28,1020,'ONLINE',1,NULL)

INSERT [dbo].[ORDER] ([ORDERID],[CUSTOMERID],[ORDERTYPE], [STOREID], [ORDERDATE]) VALUES (29,1020,'ONLINE',1,NULL)


INSERT [dbo].[ORDER] ([ORDERID],[CUSTOMERID],[ORDERTYPE], [STOREID], [ORDERDATE]) VALUES (30,1009,'ONLINE',4,NULL)
INSERT [dbo].[ORDER] ([ORDERID],[CUSTOMERID],[ORDERTYPE], [STOREID], [ORDERDATE]) VALUES (31,1010,'ONLINE',5,NULL)
INSERT [dbo].[ORDER] ([ORDERID],[CUSTOMERID],[ORDERTYPE], [STOREID], [ORDERDATE]) VALUES (32,1010,'ONLINE',6,NULL)
INSERT [dbo].[ORDER] ([ORDERID],[CUSTOMERID],[ORDERTYPE], [STOREID], [ORDERDATE]) VALUES (33,1009,'ONLINE',7,NULL)
INSERT [dbo].[ORDER] ([ORDERID],[CUSTOMERID],[ORDERTYPE], [STOREID], [ORDERDATE]) VALUES (34,1008,'ONLINE',8,NULL)
INSERT [dbo].[ORDER] ([ORDERID],[CUSTOMERID],[ORDERTYPE], [STOREID], [ORDERDATE]) VALUES (35,1007,'ONLINE',9,NULL)
INSERT [dbo].[ORDER] ([ORDERID],[CUSTOMERID],[ORDERTYPE], [STOREID], [ORDERDATE]) VALUES (36,1004,'ONLINE',10,NULL)


INSERT [dbo].[ORDER] ([ORDERID],[CUSTOMERID],[ORDERTYPE], [STOREID], [ORDERDATE]) VALUES (37,1000,'OFFLINE',4,NULL)
INSERT [dbo].[ORDER] ([ORDERID],[CUSTOMERID],[ORDERTYPE], [STOREID], [ORDERDATE]) VALUES (38,1010,'ONLINE',4,NULL)
INSERT [dbo].[ORDER] ([ORDERID],[CUSTOMERID],[ORDERTYPE], [STOREID], [ORDERDATE]) VALUES (39,1004,'OFFLINE',4,NULL)
INSERT [dbo].[ORDER] ([ORDERID],[CUSTOMERID],[ORDERTYPE], [STOREID], [ORDERDATE]) VALUES (40,1007,'OFFLINE',4,NULL)
INSERT [dbo].[ORDER] ([ORDERID],[CUSTOMERID],[ORDERTYPE], [STOREID], [ORDERDATE]) VALUES (41,1001,'ONLINE',4,NULL)
INSERT [dbo].[ORDER] ([ORDERID],[CUSTOMERID],[ORDERTYPE], [STOREID], [ORDERDATE]) VALUES (42,1002,'ONLINE',4,NULL)
INSERT [dbo].[ORDER] ([ORDERID],[CUSTOMERID],[ORDERTYPE], [STOREID], [ORDERDATE]) VALUES (43,1000,'OFFLINE',4,NULL)

INSERT [dbo].[ORDER] ([ORDERID],[CUSTOMERID],[ORDERTYPE], [STOREID], [ORDERDATE]) VALUES (44,1012,'OFFLINE',5,NULL)
INSERT [dbo].[ORDER] ([ORDERID],[CUSTOMERID],[ORDERTYPE], [STOREID], [ORDERDATE]) VALUES (45,1011,'ONLINE',5,NULL)
INSERT [dbo].[ORDER] ([ORDERID],[CUSTOMERID],[ORDERTYPE], [STOREID], [ORDERDATE]) VALUES (46,1005,'ONLINE',5,NULL)
INSERT [dbo].[ORDER] ([ORDERID],[CUSTOMERID],[ORDERTYPE], [STOREID], [ORDERDATE]) VALUES (47,1016,'OFFLINE',5,NULL)
INSERT [dbo].[ORDER] ([ORDERID],[CUSTOMERID],[ORDERTYPE], [STOREID], [ORDERDATE]) VALUES (48,1004,'ONLINE',5,NULL)
INSERT [dbo].[ORDER] ([ORDERID],[CUSTOMERID],[ORDERTYPE], [STOREID], [ORDERDATE]) VALUES (49,1018,'OFFLINE',5,NULL)
INSERT [dbo].[ORDER] ([ORDERID],[CUSTOMERID],[ORDERTYPE], [STOREID], [ORDERDATE]) VALUES (50,1013,'ONLINE',5,NULL)

INSERT [dbo].[ORDER] ([ORDERID],[CUSTOMERID],[ORDERTYPE], [STOREID], [ORDERDATE]) VALUES (51,1000,'OFFLINE',6,NULL)
INSERT [dbo].[ORDER] ([ORDERID],[CUSTOMERID],[ORDERTYPE], [STOREID], [ORDERDATE]) VALUES (52,1012,'ONLINE',6,NULL)
INSERT [dbo].[ORDER] ([ORDERID],[CUSTOMERID],[ORDERTYPE], [STOREID], [ORDERDATE]) VALUES (53,1002,'ONLINE',6,NULL)
INSERT [dbo].[ORDER] ([ORDERID],[CUSTOMERID],[ORDERTYPE], [STOREID], [ORDERDATE]) VALUES (54,1004,'OFFLINE',6,NULL)
INSERT [dbo].[ORDER] ([ORDERID],[CUSTOMERID],[ORDERTYPE], [STOREID], [ORDERDATE]) VALUES (55,1007,'ONLINE',6,NULL)
INSERT [dbo].[ORDER] ([ORDERID],[CUSTOMERID],[ORDERTYPE], [STOREID], [ORDERDATE]) VALUES (56,1003,'ONLINE',6,NULL)


INSERT [dbo].[ORDER] ([ORDERID],[CUSTOMERID],[ORDERTYPE], [STOREID], [ORDERDATE]) VALUES (57,1010,'ONLINE',7,NULL)
INSERT [dbo].[ORDER] ([ORDERID],[CUSTOMERID],[ORDERTYPE], [STOREID], [ORDERDATE]) VALUES (58,1012,'ONLINE',7,NULL)
INSERT [dbo].[ORDER] ([ORDERID],[CUSTOMERID],[ORDERTYPE], [STOREID], [ORDERDATE]) VALUES (59,1011,'ONLINE',7,NULL)
INSERT [dbo].[ORDER] ([ORDERID],[CUSTOMERID],[ORDERTYPE], [STOREID], [ORDERDATE]) VALUES (60,1016,'OFFLINE',7,NULL)
INSERT [dbo].[ORDER] ([ORDERID],[CUSTOMERID],[ORDERTYPE], [STOREID], [ORDERDATE]) VALUES (61,1019,'ONLINE',7,NULL)

INSERT [dbo].[ORDER] ([ORDERID],[CUSTOMERID],[ORDERTYPE], [STOREID], [ORDERDATE]) VALUES (62,1020,'ONLINE',8,NULL)
INSERT [dbo].[ORDER] ([ORDERID],[CUSTOMERID],[ORDERTYPE], [STOREID], [ORDERDATE]) VALUES (63,1011,'OFFLINE',8,NULL)
INSERT [dbo].[ORDER] ([ORDERID],[CUSTOMERID],[ORDERTYPE], [STOREID], [ORDERDATE]) VALUES (64,1014,'OFFLINE',8,NULL)
INSERT [dbo].[ORDER] ([ORDERID],[CUSTOMERID],[ORDERTYPE], [STOREID], [ORDERDATE]) VALUES (65,1015,'ONLINE',8,NULL)

INSERT [dbo].[ORDER] ([ORDERID],[CUSTOMERID],[ORDERTYPE], [STOREID], [ORDERDATE]) VALUES (66,1002,'OFFLINE',9,NULL)
INSERT [dbo].[ORDER] ([ORDERID],[CUSTOMERID],[ORDERTYPE], [STOREID], [ORDERDATE]) VALUES (67,1010,'ONLINE',9,NULL)
INSERT [dbo].[ORDER] ([ORDERID],[CUSTOMERID],[ORDERTYPE], [STOREID], [ORDERDATE]) VALUES (68,1002,'OFFLINE',9,NULL)
INSERT [dbo].[ORDER] ([ORDERID],[CUSTOMERID],[ORDERTYPE], [STOREID], [ORDERDATE]) VALUES (69,1005,'OFFLINE',9,NULL)
INSERT [dbo].[ORDER] ([ORDERID],[CUSTOMERID],[ORDERTYPE], [STOREID], [ORDERDATE]) VALUES (70,1007,'ONLINE',9,NULL)
INSERT [dbo].[ORDER] ([ORDERID],[CUSTOMERID],[ORDERTYPE], [STOREID], [ORDERDATE]) VALUES (71,1015,'OFFLINE',9,NULL)
INSERT [dbo].[ORDER] ([ORDERID],[CUSTOMERID],[ORDERTYPE], [STOREID], [ORDERDATE]) VALUES (72,1020,'OFFLINE',9,NULL)
INSERT [dbo].[ORDER] ([ORDERID],[CUSTOMERID],[ORDERTYPE], [STOREID], [ORDERDATE]) VALUES (73,1000,'ONLINE',9,NULL)
INSERT [dbo].[ORDER] ([ORDERID],[CUSTOMERID],[ORDERTYPE], [STOREID], [ORDERDATE]) VALUES (74,1008,'OFFLINE',9,NULL)
INSERT [dbo].[ORDER] ([ORDERID],[CUSTOMERID],[ORDERTYPE], [STOREID], [ORDERDATE]) VALUES (75,1017,'ONLINE',9,NULL)
INSERT [dbo].[ORDER] ([ORDERID],[CUSTOMERID],[ORDERTYPE], [STOREID], [ORDERDATE]) VALUES (76,1019,'ONLINE',9,NULL)

INSERT [dbo].[ORDER] ([ORDERID],[CUSTOMERID],[ORDERTYPE], [STOREID], [ORDERDATE]) VALUES (77,1004,'ONLINE',10,NULL)
INSERT [dbo].[ORDER] ([ORDERID],[CUSTOMERID],[ORDERTYPE], [STOREID], [ORDERDATE]) VALUES (78,1020,'OFFLINE',10,NULL)
INSERT [dbo].[ORDER] ([ORDERID],[CUSTOMERID],[ORDERTYPE], [STOREID], [ORDERDATE]) VALUES (79,1001,'OFFLINE',10,NULL)
INSERT [dbo].[ORDER] ([ORDERID],[CUSTOMERID],[ORDERTYPE], [STOREID], [ORDERDATE]) VALUES (80,1006,'ONLINE',10,NULL)
INSERT [dbo].[ORDER] ([ORDERID],[CUSTOMERID],[ORDERTYPE], [STOREID], [ORDERDATE]) VALUES (81,1008,'OFFLINE',10,NULL)
INSERT [dbo].[ORDER] ([ORDERID],[CUSTOMERID],[ORDERTYPE], [STOREID], [ORDERDATE]) VALUES (82,1018,'ONLINE',10,NULL)
INSERT [dbo].[ORDER] ([ORDERID],[CUSTOMERID],[ORDERTYPE], [STOREID], [ORDERDATE]) VALUES (83,1012,'OFFLINE',10,NULL)

SET IDENTITY_INSERT [dbo].[Order] OFF

GO





-----------------------------------ORDER LINE---------------------------------------------------------------------
INSERT [dbo].[ORDERLINE] ([ORDERID],[PRODUCTID],[QTY]) VALUES (1,1,2);
INSERT [dbo].[ORDERLINE] ([ORDERID],[PRODUCTID],[QTY]) VALUES (1,4,1);
INSERT [dbo].[ORDERLINE] ([ORDERID],[PRODUCTID],[QTY]) VALUES (1,5,3);
INSERT [dbo].[ORDERLINE] ([ORDERID],[PRODUCTID],[QTY]) VALUES (2,1,2);
INSERT [dbo].[ORDERLINE] ([ORDERID],[PRODUCTID],[QTY]) VALUES (2,6,1);
INSERT [dbo].[ORDERLINE] ([ORDERID],[PRODUCTID],[QTY]) VALUES (2,9,4);
INSERT [dbo].[ORDERLINE] ([ORDERID],[PRODUCTID],[QTY]) VALUES (2,4,2);
INSERT [dbo].[ORDERLINE] ([ORDERID],[PRODUCTID],[QTY]) VALUES (3,10,1);
INSERT [dbo].[ORDERLINE] ([ORDERID],[PRODUCTID],[QTY]) VALUES (3,3,2);
INSERT [dbo].[ORDERLINE] ([ORDERID],[PRODUCTID],[QTY]) VALUES (3,6,2);
INSERT [dbo].[ORDERLINE] ([ORDERID],[PRODUCTID],[QTY]) VALUES (3,5,3);
INSERT [dbo].[ORDERLINE] ([ORDERID],[PRODUCTID],[QTY]) VALUES (3,3,9);

INSERT [dbo].[ORDERLINE] ([ORDERID],[PRODUCTID],[QTY]) VALUES (4,7,1);
INSERT [dbo].[ORDERLINE] ([ORDERID],[PRODUCTID],[QTY]) VALUES (4,2,3);

INSERT [dbo].[ORDERLINE] ([ORDERID],[PRODUCTID],[QTY]) VALUES (5,7,1);
INSERT [dbo].[ORDERLINE] ([ORDERID],[PRODUCTID],[QTY]) VALUES (5,8,4);
INSERT [dbo].[ORDERLINE] ([ORDERID],[PRODUCTID],[QTY]) VALUES (5,9,7);

INSERT [dbo].[ORDERLINE] ([ORDERID],[PRODUCTID],[QTY]) VALUES (6,6,3);
INSERT [dbo].[ORDERLINE] ([ORDERID],[PRODUCTID],[QTY]) VALUES (6,1,7);
INSERT [dbo].[ORDERLINE] ([ORDERID],[PRODUCTID],[QTY]) VALUES (6,7,8);
INSERT [dbo].[ORDERLINE] ([ORDERID],[PRODUCTID],[QTY]) VALUES (6,8,2);
INSERT [dbo].[ORDERLINE] ([ORDERID],[PRODUCTID],[QTY]) VALUES (6,3,1);
INSERT [dbo].[ORDERLINE] ([ORDERID],[PRODUCTID],[QTY]) VALUES (6,2,2);

INSERT [dbo].[ORDERLINE] ([ORDERID],[PRODUCTID],[QTY]) VALUES (7,6,2);
INSERT [dbo].[ORDERLINE] ([ORDERID],[PRODUCTID],[QTY]) VALUES (7,1,1);
INSERT [dbo].[ORDERLINE] ([ORDERID],[PRODUCTID],[QTY]) VALUES (7,8,2);
INSERT [dbo].[ORDERLINE] ([ORDERID],[PRODUCTID],[QTY]) VALUES (7,3,10);
INSERT [dbo].[ORDERLINE] ([ORDERID],[PRODUCTID],[QTY]) VALUES (7,4,10);
INSERT [dbo].[ORDERLINE] ([ORDERID],[PRODUCTID],[QTY]) VALUES (7,5,10);

INSERT [dbo].[ORDERLINE] ([ORDERID],[PRODUCTID],[QTY]) VALUES (8,6,1);
INSERT [dbo].[ORDERLINE] ([ORDERID],[PRODUCTID],[QTY]) VALUES (8,3,6);
INSERT [dbo].[ORDERLINE] ([ORDERID],[PRODUCTID],[QTY]) VALUES (8,2,3);
INSERT [dbo].[ORDERLINE] ([ORDERID],[PRODUCTID],[QTY]) VALUES (8,1,2);

INSERT [dbo].[ORDERLINE] ([ORDERID],[PRODUCTID],[QTY]) VALUES (9,5,2);
INSERT [dbo].[ORDERLINE] ([ORDERID],[PRODUCTID],[QTY]) VALUES (9,7,10);
INSERT [dbo].[ORDERLINE] ([ORDERID],[PRODUCTID],[QTY]) VALUES (9,3,9);
INSERT [dbo].[ORDERLINE] ([ORDERID],[PRODUCTID],[QTY]) VALUES (9,6,6);
INSERT [dbo].[ORDERLINE] ([ORDERID],[PRODUCTID],[QTY]) VALUES (9,7,1);



INSERT [dbo].[ORDERLINE] ([ORDERID],[PRODUCTID],[QTY]) VALUES (10,8,2);
INSERT [dbo].[ORDERLINE] ([ORDERID],[PRODUCTID],[QTY]) VALUES (10,9,1);
INSERT [dbo].[ORDERLINE] ([ORDERID],[PRODUCTID],[QTY]) VALUES (10,10,9);
INSERT [dbo].[ORDERLINE] ([ORDERID],[PRODUCTID],[QTY]) VALUES (10,6,2);



INSERT [dbo].[ORDERLINE] ([ORDERID],[PRODUCTID],[QTY]) VALUES (11,1,2);
INSERT [dbo].[ORDERLINE] ([ORDERID],[PRODUCTID],[QTY]) VALUES (11,4,1);
INSERT [dbo].[ORDERLINE] ([ORDERID],[PRODUCTID],[QTY]) VALUES (11,9,3);



INSERT [dbo].[ORDERLINE] ([ORDERID],[PRODUCTID],[QTY]) VALUES (12,1,8);
INSERT [dbo].[ORDERLINE] ([ORDERID],[PRODUCTID],[QTY]) VALUES (12,2,2);
INSERT [dbo].[ORDERLINE] ([ORDERID],[PRODUCTID],[QTY]) VALUES (12,3,1);
INSERT [dbo].[ORDERLINE] ([ORDERID],[PRODUCTID],[QTY]) VALUES (12,6,4);
INSERT [dbo].[ORDERLINE] ([ORDERID],[PRODUCTID],[QTY]) VALUES (12,9,7);



INSERT [dbo].[ORDERLINE] ([ORDERID],[PRODUCTID],[QTY]) VALUES (13,1,3);
INSERT [dbo].[ORDERLINE] ([ORDERID],[PRODUCTID],[QTY]) VALUES (13,2,8);
INSERT [dbo].[ORDERLINE] ([ORDERID],[PRODUCTID],[QTY]) VALUES (13,7,1);
INSERT [dbo].[ORDERLINE] ([ORDERID],[PRODUCTID],[QTY]) VALUES (13,8,2);



INSERT [dbo].[ORDERLINE] ([ORDERID],[PRODUCTID],[QTY]) VALUES (14,1,12);
INSERT [dbo].[ORDERLINE] ([ORDERID],[PRODUCTID],[QTY]) VALUES (14,2,2);
INSERT [dbo].[ORDERLINE] ([ORDERID],[PRODUCTID],[QTY]) VALUES (14,7,3);
INSERT [dbo].[ORDERLINE] ([ORDERID],[PRODUCTID],[QTY]) VALUES (14,6,4);
INSERT [dbo].[ORDERLINE] ([ORDERID],[PRODUCTID],[QTY]) VALUES (14,9,5);



INSERT [dbo].[ORDERLINE] ([ORDERID],[PRODUCTID],[QTY]) VALUES (15,1,6);
INSERT [dbo].[ORDERLINE] ([ORDERID],[PRODUCTID],[QTY]) VALUES (15,2,9);
INSERT [dbo].[ORDERLINE] ([ORDERID],[PRODUCTID],[QTY]) VALUES (15,8,3);



INSERT [dbo].[ORDERLINE] ([ORDERID],[PRODUCTID],[QTY]) VALUES (16,6,2);
INSERT [dbo].[ORDERLINE] ([ORDERID],[PRODUCTID],[QTY]) VALUES (16,8,1);
INSERT [dbo].[ORDERLINE] ([ORDERID],[PRODUCTID],[QTY]) VALUES (16,5,8);
INSERT [dbo].[ORDERLINE] ([ORDERID],[PRODUCTID],[QTY]) VALUES (16,2,2);

-- NEW ORDER LINE INSERTS BY VAGISHA

INSERT [dbo].[ORDERLINE] ([ORDERID],[PRODUCTID],[QTY]) VALUES (17,2,3);
INSERT [dbo].[ORDERLINE] ([ORDERID],[PRODUCTID],[QTY]) VALUES (17,6,2);
INSERT [dbo].[ORDERLINE] ([ORDERID],[PRODUCTID],[QTY]) VALUES (17,8,2);
INSERT [dbo].[ORDERLINE] ([ORDERID],[PRODUCTID],[QTY]) VALUES (17,5,1);

INSERT [dbo].[ORDERLINE] ([ORDERID],[PRODUCTID],[QTY]) VALUES (18,1,4);
INSERT [dbo].[ORDERLINE] ([ORDERID],[PRODUCTID],[QTY]) VALUES (18,2,2);
INSERT [dbo].[ORDERLINE] ([ORDERID],[PRODUCTID],[QTY]) VALUES (18,10,4);
INSERT [dbo].[ORDERLINE] ([ORDERID],[PRODUCTID],[QTY]) VALUES (18,5,1);

INSERT [dbo].[ORDERLINE] ([ORDERID],[PRODUCTID],[QTY]) VALUES (19,3,2);
INSERT [dbo].[ORDERLINE] ([ORDERID],[PRODUCTID],[QTY]) VALUES (19,5,2);
INSERT [dbo].[ORDERLINE] ([ORDERID],[PRODUCTID],[QTY]) VALUES (19,8,8);
INSERT [dbo].[ORDERLINE] ([ORDERID],[PRODUCTID],[QTY]) VALUES (19,9,2);

INSERT [dbo].[ORDERLINE] ([ORDERID],[PRODUCTID],[QTY]) VALUES (20,3,5);
INSERT [dbo].[ORDERLINE] ([ORDERID],[PRODUCTID],[QTY]) VALUES (20,5,8);
INSERT [dbo].[ORDERLINE] ([ORDERID],[PRODUCTID],[QTY]) VALUES (20,7,9);
INSERT [dbo].[ORDERLINE] ([ORDERID],[PRODUCTID],[QTY]) VALUES (20,6,6);

INSERT [dbo].[ORDERLINE] ([ORDERID],[PRODUCTID],[QTY]) VALUES (21,2,1);
INSERT [dbo].[ORDERLINE] ([ORDERID],[PRODUCTID],[QTY]) VALUES (21,4,1);
INSERT [dbo].[ORDERLINE] ([ORDERID],[PRODUCTID],[QTY]) VALUES (21,5,1);
INSERT [dbo].[ORDERLINE] ([ORDERID],[PRODUCTID],[QTY]) VALUES (21,7,1);

INSERT [dbo].[ORDERLINE] ([ORDERID],[PRODUCTID],[QTY]) VALUES (22,6,1);
INSERT [dbo].[ORDERLINE] ([ORDERID],[PRODUCTID],[QTY]) VALUES (22,8,2);
INSERT [dbo].[ORDERLINE] ([ORDERID],[PRODUCTID],[QTY]) VALUES (22,5,4);
INSERT [dbo].[ORDERLINE] ([ORDERID],[PRODUCTID],[QTY]) VALUES (22,2,5);

INSERT [dbo].[ORDERLINE] ([ORDERID],[PRODUCTID],[QTY]) VALUES (23,1,3);
INSERT [dbo].[ORDERLINE] ([ORDERID],[PRODUCTID],[QTY]) VALUES (23,2,5);
INSERT [dbo].[ORDERLINE] ([ORDERID],[PRODUCTID],[QTY]) VALUES (23,5,1);
INSERT [dbo].[ORDERLINE] ([ORDERID],[PRODUCTID],[QTY]) VALUES (23,9,1);

INSERT [dbo].[ORDERLINE] ([ORDERID],[PRODUCTID],[QTY]) VALUES (24,1,2);
INSERT [dbo].[ORDERLINE] ([ORDERID],[PRODUCTID],[QTY]) VALUES (24,2,4);
INSERT [dbo].[ORDERLINE] ([ORDERID],[PRODUCTID],[QTY]) VALUES (24,10,3);
INSERT [dbo].[ORDERLINE] ([ORDERID],[PRODUCTID],[QTY]) VALUES (24,4,1);

INSERT [dbo].[ORDERLINE] ([ORDERID],[PRODUCTID],[QTY]) VALUES (25,4,3);
INSERT [dbo].[ORDERLINE] ([ORDERID],[PRODUCTID],[QTY]) VALUES (25,5,3);
INSERT [dbo].[ORDERLINE] ([ORDERID],[PRODUCTID],[QTY]) VALUES (25,6,6);
INSERT [dbo].[ORDERLINE] ([ORDERID],[PRODUCTID],[QTY]) VALUES (25,7,1);

INSERT [dbo].[ORDERLINE] ([ORDERID],[PRODUCTID],[QTY]) VALUES (26,2,1);
INSERT [dbo].[ORDERLINE] ([ORDERID],[PRODUCTID],[QTY]) VALUES (26,3,2);
INSERT [dbo].[ORDERLINE] ([ORDERID],[PRODUCTID],[QTY]) VALUES (26,5,3);
INSERT [dbo].[ORDERLINE] ([ORDERID],[PRODUCTID],[QTY]) VALUES (26,6,4);

INSERT [dbo].[ORDERLINE] ([ORDERID],[PRODUCTID],[QTY]) VALUES (27,3,2);
INSERT [dbo].[ORDERLINE] ([ORDERID],[PRODUCTID],[QTY]) VALUES (27,4,2);
INSERT [dbo].[ORDERLINE] ([ORDERID],[PRODUCTID],[QTY]) VALUES (27,5,8);
INSERT [dbo].[ORDERLINE] ([ORDERID],[PRODUCTID],[QTY]) VALUES (27,7,4);


INSERT [dbo].[ORDERLINE] ([ORDERID],[PRODUCTID],[QTY]) VALUES (28,3,2);
INSERT [dbo].[ORDERLINE] ([ORDERID],[PRODUCTID],[QTY]) VALUES (28,4,1);
INSERT [dbo].[ORDERLINE] ([ORDERID],[PRODUCTID],[QTY]) VALUES (28,6,3);
INSERT [dbo].[ORDERLINE] ([ORDERID],[PRODUCTID],[QTY]) VALUES (28,7,4);


INSERT [dbo].[ORDERLINE] ([ORDERID],[PRODUCTID],[QTY]) VALUES (29,6,4);
INSERT [dbo].[ORDERLINE] ([ORDERID],[PRODUCTID],[QTY]) VALUES (29,8,5);
INSERT [dbo].[ORDERLINE] ([ORDERID],[PRODUCTID],[QTY]) VALUES (29,5,1);
INSERT [dbo].[ORDERLINE] ([ORDERID],[PRODUCTID],[QTY]) VALUES (29,2,2);


INSERT [dbo].[ORDERLINE] ([ORDERID],[PRODUCTID],[QTY]) VALUES (30,1,2);
INSERT [dbo].[ORDERLINE] ([ORDERID],[PRODUCTID],[QTY]) VALUES (30,1,2);

INSERT [dbo].[ORDERLINE] ([ORDERID],[PRODUCTID],[QTY]) VALUES (31,1,2);
INSERT [dbo].[ORDERLINE] ([ORDERID],[PRODUCTID],[QTY]) VALUES (31,1,2);

INSERT [dbo].[ORDERLINE] ([ORDERID],[PRODUCTID],[QTY]) VALUES (32,1,2);
INSERT [dbo].[ORDERLINE] ([ORDERID],[PRODUCTID],[QTY]) VALUES (32,1,2);

INSERT [dbo].[ORDERLINE] ([ORDERID],[PRODUCTID],[QTY]) VALUES (33,1,2);
INSERT [dbo].[ORDERLINE] ([ORDERID],[PRODUCTID],[QTY]) VALUES (33,1,2);

INSERT [dbo].[ORDERLINE] ([ORDERID],[PRODUCTID],[QTY]) VALUES (34,1,2);
INSERT [dbo].[ORDERLINE] ([ORDERID],[PRODUCTID],[QTY]) VALUES (34,1,2);

INSERT [dbo].[ORDERLINE] ([ORDERID],[PRODUCTID],[QTY]) VALUES (35,1,2);
INSERT [dbo].[ORDERLINE] ([ORDERID],[PRODUCTID],[QTY]) VALUES (35,1,2);

INSERT [dbo].[ORDERLINE] ([ORDERID],[PRODUCTID],[QTY]) VALUES (36,1,2);
INSERT [dbo].[ORDERLINE] ([ORDERID],[PRODUCTID],[QTY]) VALUES (36,1,2);

INSERT [dbo].[ORDERLINE] ([ORDERID],[PRODUCTID],[QTY]) VALUES (37,2,6);
INSERT [dbo].[ORDERLINE] ([ORDERID],[PRODUCTID],[QTY]) VALUES (37,3,7);
INSERT [dbo].[ORDERLINE] ([ORDERID],[PRODUCTID],[QTY]) VALUES (37,1,3);
INSERT [dbo].[ORDERLINE] ([ORDERID],[PRODUCTID],[QTY]) VALUES (37,1,2);

INSERT [dbo].[ORDERLINE] ([ORDERID],[PRODUCTID],[QTY]) VALUES (38,2,6);
INSERT [dbo].[ORDERLINE] ([ORDERID],[PRODUCTID],[QTY]) VALUES (38,3,10);
INSERT [dbo].[ORDERLINE] ([ORDERID],[PRODUCTID],[QTY]) VALUES (38,1,6);
INSERT [dbo].[ORDERLINE] ([ORDERID],[PRODUCTID],[QTY]) VALUES (38,1,9);

INSERT [dbo].[ORDERLINE] ([ORDERID],[PRODUCTID],[QTY]) VALUES (39,1,6);
INSERT [dbo].[ORDERLINE] ([ORDERID],[PRODUCTID],[QTY]) VALUES (39,7,7);
INSERT [dbo].[ORDERLINE] ([ORDERID],[PRODUCTID],[QTY]) VALUES (39,5,3);
INSERT [dbo].[ORDERLINE] ([ORDERID],[PRODUCTID],[QTY]) VALUES (39,9,2);

INSERT [dbo].[ORDERLINE] ([ORDERID],[PRODUCTID],[QTY]) VALUES (40,2,6);
INSERT [dbo].[ORDERLINE] ([ORDERID],[PRODUCTID],[QTY]) VALUES (40,3,9);
INSERT [dbo].[ORDERLINE] ([ORDERID],[PRODUCTID],[QTY]) VALUES (40,1,1);

INSERT [dbo].[ORDERLINE] ([ORDERID],[PRODUCTID],[QTY]) VALUES (41,2,6);
INSERT [dbo].[ORDERLINE] ([ORDERID],[PRODUCTID],[QTY]) VALUES (41,3,1);
INSERT [dbo].[ORDERLINE] ([ORDERID],[PRODUCTID],[QTY]) VALUES (41,8,7);
INSERT [dbo].[ORDERLINE] ([ORDERID],[PRODUCTID],[QTY]) VALUES (41,4,2);

INSERT [dbo].[ORDERLINE] ([ORDERID],[PRODUCTID],[QTY]) VALUES (42,2,9);
INSERT [dbo].[ORDERLINE] ([ORDERID],[PRODUCTID],[QTY]) VALUES (42,3,10);
INSERT [dbo].[ORDERLINE] ([ORDERID],[PRODUCTID],[QTY]) VALUES (42,8,15);
INSERT [dbo].[ORDERLINE] ([ORDERID],[PRODUCTID],[QTY]) VALUES (42,4,4);

INSERT [dbo].[ORDERLINE] ([ORDERID],[PRODUCTID],[QTY]) VALUES (43,2,6);
INSERT [dbo].[ORDERLINE] ([ORDERID],[PRODUCTID],[QTY]) VALUES (43,1,10);
INSERT [dbo].[ORDERLINE] ([ORDERID],[PRODUCTID],[QTY]) VALUES (43,8,7);

INSERT [dbo].[ORDERLINE] ([ORDERID],[PRODUCTID],[QTY]) VALUES (61,2,6);
INSERT [dbo].[ORDERLINE] ([ORDERID],[PRODUCTID],[QTY]) VALUES (61,3,10);
INSERT [dbo].[ORDERLINE] ([ORDERID],[PRODUCTID],[QTY]) VALUES (61,8,4);
INSERT [dbo].[ORDERLINE] ([ORDERID],[PRODUCTID],[QTY]) VALUES (61,4,2);

INSERT [dbo].[ORDERLINE] ([ORDERID],[PRODUCTID],[QTY]) VALUES (65,2,6);
INSERT [dbo].[ORDERLINE] ([ORDERID],[PRODUCTID],[QTY]) VALUES (65,3,1);
INSERT [dbo].[ORDERLINE] ([ORDERID],[PRODUCTID],[QTY]) VALUES (65,8,9);
INSERT [dbo].[ORDERLINE] ([ORDERID],[PRODUCTID],[QTY]) VALUES (65,1,2);
INSERT [dbo].[ORDERLINE] ([ORDERID],[PRODUCTID],[QTY]) VALUES (65,5,8);
INSERT [dbo].[ORDERLINE] ([ORDERID],[PRODUCTID],[QTY]) VALUES (65,9,2);
INSERT [dbo].[ORDERLINE] ([ORDERID],[PRODUCTID],[QTY]) VALUES (65,1,3);
INSERT [dbo].[ORDERLINE] ([ORDERID],[PRODUCTID],[QTY]) VALUES (65,4,1);

INSERT [dbo].[ORDERLINE] ([ORDERID],[PRODUCTID],[QTY]) VALUES (71,5,6);
INSERT [dbo].[ORDERLINE] ([ORDERID],[PRODUCTID],[QTY]) VALUES (71,3,1);
INSERT [dbo].[ORDERLINE] ([ORDERID],[PRODUCTID],[QTY]) VALUES (71,7,2);
INSERT [dbo].[ORDERLINE] ([ORDERID],[PRODUCTID],[QTY]) VALUES (71,4,5);

INSERT [dbo].[ORDERLINE] ([ORDERID],[PRODUCTID],[QTY]) VALUES (72,2,6);
INSERT [dbo].[ORDERLINE] ([ORDERID],[PRODUCTID],[QTY]) VALUES (72,3,3);
INSERT [dbo].[ORDERLINE] ([ORDERID],[PRODUCTID],[QTY]) VALUES (72,9,1);
INSERT [dbo].[ORDERLINE] ([ORDERID],[PRODUCTID],[QTY]) VALUES (72,4,5);

INSERT [dbo].[ORDERLINE] ([ORDERID],[PRODUCTID],[QTY]) VALUES (74,1,6);
INSERT [dbo].[ORDERLINE] ([ORDERID],[PRODUCTID],[QTY]) VALUES (74,2,10);
INSERT [dbo].[ORDERLINE] ([ORDERID],[PRODUCTID],[QTY]) VALUES (74,5,7);
INSERT [dbo].[ORDERLINE] ([ORDERID],[PRODUCTID],[QTY]) VALUES (74,9,1);

INSERT [dbo].[ORDERLINE] ([ORDERID],[PRODUCTID],[QTY]) VALUES (77,2,6);
INSERT [dbo].[ORDERLINE] ([ORDERID],[PRODUCTID],[QTY]) VALUES (77,3,2);
INSERT [dbo].[ORDERLINE] ([ORDERID],[PRODUCTID],[QTY]) VALUES (77,8,10);
INSERT [dbo].[ORDERLINE] ([ORDERID],[PRODUCTID],[QTY]) VALUES (77,1,2);
INSERT [dbo].[ORDERLINE] ([ORDERID],[PRODUCTID],[QTY]) VALUES (77,2,13);
INSERT [dbo].[ORDERLINE] ([ORDERID],[PRODUCTID],[QTY]) VALUES (77,3,1);
INSERT [dbo].[ORDERLINE] ([ORDERID],[PRODUCTID],[QTY]) VALUES (77,4,7);
INSERT [dbo].[ORDERLINE] ([ORDERID],[PRODUCTID],[QTY]) VALUES (77,4,4);

INSERT [dbo].[ORDERLINE] ([ORDERID],[PRODUCTID],[QTY]) VALUES (80,3,6);
INSERT [dbo].[ORDERLINE] ([ORDERID],[PRODUCTID],[QTY]) VALUES (80,4,1);
INSERT [dbo].[ORDERLINE] ([ORDERID],[PRODUCTID],[QTY]) VALUES (80,8,10);
INSERT [dbo].[ORDERLINE] ([ORDERID],[PRODUCTID],[QTY]) VALUES (80,1,7);

INSERT [dbo].[ORDERLINE] ([ORDERID],[PRODUCTID],[QTY]) VALUES (81,2,4);
INSERT [dbo].[ORDERLINE] ([ORDERID],[PRODUCTID],[QTY]) VALUES (81,3,10);
INSERT [dbo].[ORDERLINE] ([ORDERID],[PRODUCTID],[QTY]) VALUES (81,6,7);
INSERT [dbo].[ORDERLINE] ([ORDERID],[PRODUCTID],[QTY]) VALUES (81,8,1);

INSERT [dbo].[ORDERLINE] ([ORDERID],[PRODUCTID],[QTY]) VALUES (82,2,6);
INSERT [dbo].[ORDERLINE] ([ORDERID],[PRODUCTID],[QTY]) VALUES (82,3,1);
INSERT [dbo].[ORDERLINE] ([ORDERID],[PRODUCTID],[QTY]) VALUES (82,9,8);
INSERT [dbo].[ORDERLINE] ([ORDERID],[PRODUCTID],[QTY]) VALUES (82,8,7);
INSERT [dbo].[ORDERLINE] ([ORDERID],[PRODUCTID],[QTY]) VALUES (82,2,6);
INSERT [dbo].[ORDERLINE] ([ORDERID],[PRODUCTID],[QTY]) VALUES (82,10,10);
INSERT [dbo].[ORDERLINE] ([ORDERID],[PRODUCTID],[QTY]) VALUES (82,4,7);
INSERT [dbo].[ORDERLINE] ([ORDERID],[PRODUCTID],[QTY]) VALUES (82,2,2);

INSERT [dbo].[ORDERLINE] ([ORDERID],[PRODUCTID],[QTY]) VALUES (83,2,6);
INSERT [dbo].[ORDERLINE] ([ORDERID],[PRODUCTID],[QTY]) VALUES (83,3,1);
INSERT [dbo].[ORDERLINE] ([ORDERID],[PRODUCTID],[QTY]) VALUES (83,8,7);
INSERT [dbo].[ORDERLINE] ([ORDERID],[PRODUCTID],[QTY]) VALUES (83,4,2);



---------------PAYMENT -------------------------------------
SET IDENTITY_INSERT PAYMENT ON
INSERT [dbo].[PAYMENT]([PAYMENTID], [PAYMENTTYPE], [CHEQUENUMBER], [CARDTYPE], [CEXPIRYDATE], [CNUMBER], [TRANSCATIONDATE], [ORDERID]) VALUES (100,'Cash',NULL,NULL,NULL,NULL,CAST('2021-06-26' AS DATE), 1)
INSERT [dbo].[PAYMENT]([PAYMENTID], [PAYMENTTYPE], [CHEQUENUMBER], [CARDTYPE], [CEXPIRYDATE], [CNUMBER], [TRANSCATIONDATE], [ORDERID]) VALUES (101,'Card',NULL,'Debit Card',CAST('2027-08-19' AS DATE),876258308763542,CAST('2021-06-26' AS DATE), 2)
INSERT [dbo].[PAYMENT]([PAYMENTID], [PAYMENTTYPE], [CHEQUENUMBER], [CARDTYPE], [CEXPIRYDATE], [CNUMBER], [TRANSCATIONDATE], [ORDERID]) VALUES (102,'Card',NULL,'Credit Card',CAST('2025-01-20' AS DATE),655258308763542,CAST('2022-01-19' AS DATE), 3)
INSERT [dbo].[PAYMENT]([PAYMENTID], [PAYMENTTYPE], [CHEQUENUMBER], [CARDTYPE], [CEXPIRYDATE], [CNUMBER], [TRANSCATIONDATE], [ORDERID]) VALUES (103,'Card',NULL,'Credit Card',CAST('2026-11-22' AS DATE),655258308763543,CAST('2022-01-20' AS DATE), 4)
INSERT [dbo].[PAYMENT]([PAYMENTID], [PAYMENTTYPE], [CHEQUENUMBER], [CARDTYPE], [CEXPIRYDATE], [CNUMBER], [TRANSCATIONDATE], [ORDERID]) VALUES (104,'Cash',NULL,NULL,NULL,NULL,CAST('2022-01-21' AS DATE), 5)
INSERT [dbo].[PAYMENT]([PAYMENTID], [PAYMENTTYPE], [CHEQUENUMBER], [CARDTYPE], [CEXPIRYDATE], [CNUMBER], [TRANSCATIONDATE], [ORDERID]) VALUES (105,'Cash',NULL,NULL,NULL,NULL,CAST('2022-01-26' AS DATE), 6)
INSERT [dbo].[PAYMENT]([PAYMENTID], [PAYMENTTYPE], [CHEQUENUMBER], [CARDTYPE], [CEXPIRYDATE], [CNUMBER], [TRANSCATIONDATE], [ORDERID]) VALUES (106,'Cash',NULL,NULL,NULL,NULL,CAST('2022-01-17' AS DATE), 7)
INSERT [dbo].[PAYMENT]([PAYMENTID], [PAYMENTTYPE], [CHEQUENUMBER], [CARDTYPE], [CEXPIRYDATE], [CNUMBER], [TRANSCATIONDATE], [ORDERID]) VALUES (107,'Cash',NULL,NULL,NULL,NULL,CAST('2022-01-23' AS DATE), 8)
INSERT [dbo].[PAYMENT]([PAYMENTID], [PAYMENTTYPE], [CHEQUENUMBER], [CARDTYPE], [CEXPIRYDATE], [CNUMBER], [TRANSCATIONDATE], [ORDERID]) VALUES (108,'Cash',NULL,NULL,NULL,NULL,CAST('2022-02-01' AS DATE), 9)
INSERT [dbo].[PAYMENT]([PAYMENTID], [PAYMENTTYPE], [CHEQUENUMBER], [CARDTYPE], [CEXPIRYDATE], [CNUMBER], [TRANSCATIONDATE], [ORDERID]) VALUES (109,'Card',NULL,'Credit Card',CAST('2023-11-01' AS DATE),655258308763544,CAST('2022-02-02' AS DATE), 10)
INSERT [dbo].[PAYMENT]([PAYMENTID], [PAYMENTTYPE], [CHEQUENUMBER], [CARDTYPE], [CEXPIRYDATE], [CNUMBER], [TRANSCATIONDATE], [ORDERID]) VALUES (110,'Card',NULL,'Credit Card',CAST('2025-07-01' AS DATE),655258308763545,CAST('2022-02-12' AS DATE), 11)
INSERT [dbo].[PAYMENT]([PAYMENTID], [PAYMENTTYPE], [CHEQUENUMBER], [CARDTYPE], [CEXPIRYDATE], [CNUMBER], [TRANSCATIONDATE], [ORDERID]) VALUES (111,'Card',NULL,'Debit Card',CAST('2027-08-19' AS DATE),876258308763543,CAST('2022-02-14' AS DATE), 12)
INSERT [dbo].[PAYMENT]([PAYMENTID], [PAYMENTTYPE], [CHEQUENUMBER], [CARDTYPE], [CEXPIRYDATE], [CNUMBER], [TRANSCATIONDATE], [ORDERID]) VALUES (112,'Card',NULL,'Debit Card',CAST('2024-08-19' AS DATE),876258308763544,CAST('2022-02-15' AS DATE), 13)
INSERT [dbo].[PAYMENT]([PAYMENTID], [PAYMENTTYPE], [CHEQUENUMBER], [CARDTYPE], [CEXPIRYDATE], [CNUMBER], [TRANSCATIONDATE], [ORDERID]) VALUES (113,'Card',NULL,'Debit Card',CAST('2025-07-19' AS DATE),876258308763545,CAST('2022-02-17' AS DATE), 14)
INSERT [dbo].[PAYMENT]([PAYMENTID], [PAYMENTTYPE], [CHEQUENUMBER], [CARDTYPE], [CEXPIRYDATE], [CNUMBER], [TRANSCATIONDATE], [ORDERID]) VALUES (114,'Card',NULL,'Credit Card',CAST('2026-11-17' AS DATE),655258308763546,CAST('2022-02-19' AS DATE), 15)
INSERT [dbo].[PAYMENT]([PAYMENTID], [PAYMENTTYPE], [CHEQUENUMBER], [CARDTYPE], [CEXPIRYDATE], [CNUMBER], [TRANSCATIONDATE], [ORDERID]) VALUES (115,'Card',NULL,'Credit Card',CAST('2025-01-22' AS DATE),655258308763548,CAST('2022-02-22' AS DATE), 16)
-- ADDED BY VAGISHA 
INSERT [dbo].[PAYMENT]([PAYMENTID], [PAYMENTTYPE], [CHEQUENUMBER], [CARDTYPE], [CEXPIRYDATE], [CNUMBER], [TRANSCATIONDATE], [ORDERID]) VALUES (116,'Card',NULL,'Credit Card',CAST('2021-01-21' AS DATE),634253408123541,CAST('2022-02-22' AS DATE), 17)
INSERT [dbo].[PAYMENT]([PAYMENTID], [PAYMENTTYPE], [CHEQUENUMBER], [CARDTYPE], [CEXPIRYDATE], [CNUMBER], [TRANSCATIONDATE], [ORDERID]) VALUES (117,'Cash',NULL,NULL,NULL,NULL,CAST('2021-01-12' AS DATE), 18)
INSERT [dbo].[PAYMENT]([PAYMENTID], [PAYMENTTYPE], [CHEQUENUMBER], [CARDTYPE], [CEXPIRYDATE], [CNUMBER], [TRANSCATIONDATE], [ORDERID]) VALUES (118,'Card',NULL,'Credit Card',CAST('2021-01-13' AS DATE),614258238213540,CAST('2022-02-22' AS DATE), 19)
INSERT [dbo].[PAYMENT]([PAYMENTID], [PAYMENTTYPE], [CHEQUENUMBER], [CARDTYPE], [CEXPIRYDATE], [CNUMBER], [TRANSCATIONDATE], [ORDERID]) VALUES (119,'Card',NULL,'Credit Card',CAST('2021-01-16' AS DATE),612252322763550,CAST('2022-02-22' AS DATE), 20)
INSERT [dbo].[PAYMENT]([PAYMENTID], [PAYMENTTYPE], [CHEQUENUMBER], [CARDTYPE], [CEXPIRYDATE], [CNUMBER], [TRANSCATIONDATE], [ORDERID]) VALUES (120,'Cash',NULL,NULL,NULL,NULL,CAST('2021-01-19' AS DATE), 21)
INSERT [dbo].[PAYMENT]([PAYMENTID], [PAYMENTTYPE], [CHEQUENUMBER], [CARDTYPE], [CEXPIRYDATE], [CNUMBER], [TRANSCATIONDATE], [ORDERID]) VALUES (121,'Card',NULL,'Credit Card',CAST('2020-01-29' AS DATE),123258308763550,CAST('2022-02-22' AS DATE), 22)
INSERT [dbo].[PAYMENT]([PAYMENTID], [PAYMENTTYPE], [CHEQUENUMBER], [CARDTYPE], [CEXPIRYDATE], [CNUMBER], [TRANSCATIONDATE], [ORDERID]) VALUES (122,'Cash',NULL,NULL,NULL,NULL,CAST('2025-01-23' AS DATE), 23)
INSERT [dbo].[PAYMENT]([PAYMENTID], [PAYMENTTYPE], [CHEQUENUMBER], [CARDTYPE], [CEXPIRYDATE], [CNUMBER], [TRANSCATIONDATE], [ORDERID]) VALUES (123,'Card',NULL,'Credit Card',CAST('2024-01-26' AS DATE),615258218763521,CAST('2022-02-22' AS DATE), 24)
INSERT [dbo].[PAYMENT]([PAYMENTID], [PAYMENTTYPE], [CHEQUENUMBER], [CARDTYPE], [CEXPIRYDATE], [CNUMBER], [TRANSCATIONDATE], [ORDERID]) VALUES (124,'Cash',NULL,NULL,NULL,NULL,CAST('2025-01-15' AS DATE), 25)
INSERT [dbo].[PAYMENT]([PAYMENTID], [PAYMENTTYPE], [CHEQUENUMBER], [CARDTYPE], [CEXPIRYDATE], [CNUMBER], [TRANSCATIONDATE], [ORDERID]) VALUES (125,'Card',NULL,'Credit Card',CAST('2024-01-02' AS DATE),625458212263522,CAST('2022-02-22' AS DATE), 26)
INSERT [dbo].[PAYMENT]([PAYMENTID], [PAYMENTTYPE], [CHEQUENUMBER], [CARDTYPE], [CEXPIRYDATE], [CNUMBER], [TRANSCATIONDATE], [ORDERID]) VALUES (126,'Card',NULL,'Credit Card',CAST('2021-01-01' AS DATE),215258301263512,CAST('2022-02-22' AS DATE), 27)
INSERT [dbo].[PAYMENT]([PAYMENTID], [PAYMENTTYPE], [CHEQUENUMBER], [CARDTYPE], [CEXPIRYDATE], [CNUMBER], [TRANSCATIONDATE], [ORDERID]) VALUES (127,'Cash',NULL,NULL,NULL,NULL,CAST('2021-01-10' AS DATE), 28) 
INSERT [dbo].[PAYMENT]([PAYMENTID], [PAYMENTTYPE], [CHEQUENUMBER], [CARDTYPE], [CEXPIRYDATE], [CNUMBER], [TRANSCATIONDATE], [ORDERID]) VALUES (128,'Card',NULL,'Credit Card',CAST('2026-01-15' AS DATE),622253203263543,CAST('2022-02-22' AS DATE), 29)


INSERT [dbo].[PAYMENT]([PAYMENTID], [PAYMENTTYPE], [CHEQUENUMBER], [CARDTYPE], [CEXPIRYDATE], [CNUMBER], [TRANSCATIONDATE], [ORDERID]) VALUES (129,'Cash',NULL,NULL,NULL,NULL,CAST('2021-01-10' AS DATE), 30) 
INSERT [dbo].[PAYMENT]([PAYMENTID], [PAYMENTTYPE], [CHEQUENUMBER], [CARDTYPE], [CEXPIRYDATE], [CNUMBER], [TRANSCATIONDATE], [ORDERID]) VALUES (130,'Cash',NULL,NULL,NULL,NULL,CAST('2021-01-10' AS DATE), 31) 
INSERT [dbo].[PAYMENT]([PAYMENTID], [PAYMENTTYPE], [CHEQUENUMBER], [CARDTYPE], [CEXPIRYDATE], [CNUMBER], [TRANSCATIONDATE], [ORDERID]) VALUES (131,'Cash',NULL,NULL,NULL,NULL,CAST('2021-01-10' AS DATE), 32) 
INSERT [dbo].[PAYMENT]([PAYMENTID], [PAYMENTTYPE], [CHEQUENUMBER], [CARDTYPE], [CEXPIRYDATE], [CNUMBER], [TRANSCATIONDATE], [ORDERID]) VALUES (132,'Cash',NULL,NULL,NULL,NULL,CAST('2021-01-10' AS DATE), 33) 
INSERT [dbo].[PAYMENT]([PAYMENTID], [PAYMENTTYPE], [CHEQUENUMBER], [CARDTYPE], [CEXPIRYDATE], [CNUMBER], [TRANSCATIONDATE], [ORDERID]) VALUES (133,'Cash',NULL,NULL,NULL,NULL,CAST('2021-01-10' AS DATE), 34) 
INSERT [dbo].[PAYMENT]([PAYMENTID], [PAYMENTTYPE], [CHEQUENUMBER], [CARDTYPE], [CEXPIRYDATE], [CNUMBER], [TRANSCATIONDATE], [ORDERID]) VALUES (134,'Cash',NULL,NULL,NULL,NULL,CAST('2021-01-10' AS DATE), 35) 
INSERT [dbo].[PAYMENT]([PAYMENTID], [PAYMENTTYPE], [CHEQUENUMBER], [CARDTYPE], [CEXPIRYDATE], [CNUMBER], [TRANSCATIONDATE], [ORDERID]) VALUES (135,'Cash',NULL,NULL,NULL,NULL,CAST('2021-01-10' AS DATE), 36) 

INSERT [dbo].[PAYMENT]([PAYMENTID], [PAYMENTTYPE], [CHEQUENUMBER], [CARDTYPE], [CEXPIRYDATE], [CNUMBER], [TRANSCATIONDATE], [ORDERID]) VALUES (136,'Cash',NULL,NULL,NULL,NULL,CAST('2021-01-10' AS DATE), 51) 
INSERT [dbo].[PAYMENT]([PAYMENTID], [PAYMENTTYPE], [CHEQUENUMBER], [CARDTYPE], [CEXPIRYDATE], [CNUMBER], [TRANSCATIONDATE], [ORDERID]) VALUES (137,'Card',NULL,'Credit Card',CAST('2026-01-15' AS DATE),622253203263544,CAST('2022-02-22' AS DATE), 81)
INSERT [dbo].[PAYMENT]([PAYMENTID], [PAYMENTTYPE], [CHEQUENUMBER], [CARDTYPE], [CEXPIRYDATE], [CNUMBER], [TRANSCATIONDATE], [ORDERID]) VALUES (138,'Card',NULL,'Credit Card',CAST('2026-01-15' AS DATE),622253203263545,CAST('2022-02-22' AS DATE), 55)
INSERT [dbo].[PAYMENT]([PAYMENTID], [PAYMENTTYPE], [CHEQUENUMBER], [CARDTYPE], [CEXPIRYDATE], [CNUMBER], [TRANSCATIONDATE], [ORDERID]) VALUES (139,'Card',NULL,'Credit Card',CAST('2026-01-15' AS DATE),622253203263546,CAST('2022-02-22' AS DATE), 71)
INSERT [dbo].[PAYMENT]([PAYMENTID], [PAYMENTTYPE], [CHEQUENUMBER], [CARDTYPE], [CEXPIRYDATE], [CNUMBER], [TRANSCATIONDATE], [ORDERID]) VALUES (140,'Card',NULL,'Credit Card',CAST('2026-01-15' AS DATE),622253203263547,CAST('2022-02-22' AS DATE), 73)

INSERT [dbo].[PAYMENT]([PAYMENTID], [PAYMENTTYPE], [CHEQUENUMBER], [CARDTYPE], [CEXPIRYDATE], [CNUMBER], [TRANSCATIONDATE], [ORDERID]) VALUES (141,'Card',NULL,'Credit Card',CAST('2026-01-15' AS DATE),622253203263548,CAST('2022-02-22' AS DATE), 66)
INSERT [dbo].[PAYMENT]([PAYMENTID], [PAYMENTTYPE], [CHEQUENUMBER], [CARDTYPE], [CEXPIRYDATE], [CNUMBER], [TRANSCATIONDATE], [ORDERID]) VALUES (142,'Card',NULL,'Credit Card',CAST('2026-01-15' AS DATE),622253203263549,CAST('2022-02-22' AS DATE), 61)
INSERT [dbo].[PAYMENT]([PAYMENTID], [PAYMENTTYPE], [CHEQUENUMBER], [CARDTYPE], [CEXPIRYDATE], [CNUMBER], [TRANSCATIONDATE], [ORDERID]) VALUES (143,'Card',NULL,'Credit Card',CAST('2026-01-15' AS DATE),622253203263550,CAST('2022-02-22' AS DATE), 62)
INSERT [dbo].[PAYMENT]([PAYMENTID], [PAYMENTTYPE], [CHEQUENUMBER], [CARDTYPE], [CEXPIRYDATE], [CNUMBER], [TRANSCATIONDATE], [ORDERID]) VALUES (144,'Card',NULL,'Credit Card',CAST('2026-01-15' AS DATE),622253203263553,CAST('2022-02-22' AS DATE), 63)
INSERT [dbo].[PAYMENT]([PAYMENTID], [PAYMENTTYPE], [CHEQUENUMBER], [CARDTYPE], [CEXPIRYDATE], [CNUMBER], [TRANSCATIONDATE], [ORDERID]) VALUES (145,'Card',NULL,'Credit Card',CAST('2026-01-15' AS DATE),622253203263563,CAST('2022-02-22' AS DATE), 65)
INSERT [dbo].[PAYMENT]([PAYMENTID], [PAYMENTTYPE], [CHEQUENUMBER], [CARDTYPE], [CEXPIRYDATE], [CNUMBER], [TRANSCATIONDATE], [ORDERID]) VALUES (147,'Card',NULL,'Credit Card',CAST('2026-01-15' AS DATE),622253203263583,CAST('2022-02-22' AS DATE), 70)
INSERT [dbo].[PAYMENT]([PAYMENTID], [PAYMENTTYPE], [CHEQUENUMBER], [CARDTYPE], [CEXPIRYDATE], [CNUMBER], [TRANSCATIONDATE], [ORDERID]) VALUES (148,'Card',NULL,'Credit Card',CAST('2026-01-15' AS DATE),622253203263593,CAST('2022-02-22' AS DATE), 72)
INSERT [dbo].[PAYMENT]([PAYMENTID], [PAYMENTTYPE], [CHEQUENUMBER], [CARDTYPE], [CEXPIRYDATE], [CNUMBER], [TRANSCATIONDATE], [ORDERID]) VALUES (149,'Card',NULL,'Credit Card',CAST('2026-01-15' AS DATE),622253203263643,CAST('2022-02-22' AS DATE), 73)
INSERT [dbo].[PAYMENT]([PAYMENTID], [PAYMENTTYPE], [CHEQUENUMBER], [CARDTYPE], [CEXPIRYDATE], [CNUMBER], [TRANSCATIONDATE], [ORDERID]) VALUES (150,'Card',NULL,'Credit Card',CAST('2026-01-15' AS DATE),622253203263743,CAST('2022-02-22' AS DATE), 74)
INSERT [dbo].[PAYMENT]([PAYMENTID], [PAYMENTTYPE], [CHEQUENUMBER], [CARDTYPE], [CEXPIRYDATE], [CNUMBER], [TRANSCATIONDATE], [ORDERID]) VALUES (151,'Card',NULL,'Credit Card',CAST('2026-01-15' AS DATE),622253203263843,CAST('2022-02-22' AS DATE), 75)
INSERT [dbo].[PAYMENT]([PAYMENTID], [PAYMENTTYPE], [CHEQUENUMBER], [CARDTYPE], [CEXPIRYDATE], [CNUMBER], [TRANSCATIONDATE], [ORDERID]) VALUES (152,'Card',NULL,'Credit Card',CAST('2026-01-15' AS DATE),622253203263943,CAST('2022-02-22' AS DATE), 76)
INSERT [dbo].[PAYMENT]([PAYMENTID], [PAYMENTTYPE], [CHEQUENUMBER], [CARDTYPE], [CEXPIRYDATE], [CNUMBER], [TRANSCATIONDATE], [ORDERID]) VALUES (153,'Card',NULL,'Credit Card',CAST('2026-01-15' AS DATE),622253203264543,CAST('2022-02-22' AS DATE), 52)
INSERT [dbo].[PAYMENT]([PAYMENTID], [PAYMENTTYPE], [CHEQUENUMBER], [CARDTYPE], [CEXPIRYDATE], [CNUMBER], [TRANSCATIONDATE], [ORDERID]) VALUES (154,'Card',NULL,'Credit Card',CAST('2026-01-15' AS DATE),622253203265543,CAST('2022-02-22' AS DATE), 54)
INSERT [dbo].[PAYMENT]([PAYMENTID], [PAYMENTTYPE], [CHEQUENUMBER], [CARDTYPE], [CEXPIRYDATE], [CNUMBER], [TRANSCATIONDATE], [ORDERID]) VALUES (155,'Card',NULL,'Credit Card',CAST('2026-01-15' AS DATE),622253203266543,CAST('2022-02-22' AS DATE), 55)
INSERT [dbo].[PAYMENT]([PAYMENTID], [PAYMENTTYPE], [CHEQUENUMBER], [CARDTYPE], [CEXPIRYDATE], [CNUMBER], [TRANSCATIONDATE], [ORDERID]) VALUES (156,'Card',NULL,'Credit Card',CAST('2026-01-15' AS DATE),622253203267543,CAST('2022-02-22' AS DATE), 57)
INSERT [dbo].[PAYMENT]([PAYMENTID], [PAYMENTTYPE], [CHEQUENUMBER], [CARDTYPE], [CEXPIRYDATE], [CNUMBER], [TRANSCATIONDATE], [ORDERID]) VALUES (157,'Card',NULL,'Credit Card',CAST('2026-01-15' AS DATE),622253203268543,CAST('2022-02-22' AS DATE), 59)
INSERT [dbo].[PAYMENT]([PAYMENTID], [PAYMENTTYPE], [CHEQUENUMBER], [CARDTYPE], [CEXPIRYDATE], [CNUMBER], [TRANSCATIONDATE], [ORDERID]) VALUES (158,'Card',NULL,'Credit Card',CAST('2026-01-15' AS DATE),622253203269543,CAST('2022-02-22' AS DATE), 40)
INSERT [dbo].[PAYMENT]([PAYMENTID], [PAYMENTTYPE], [CHEQUENUMBER], [CARDTYPE], [CEXPIRYDATE], [CNUMBER], [TRANSCATIONDATE], [ORDERID]) VALUES (159,'Card',NULL,'Credit Card',CAST('2026-01-15' AS DATE),622253203273543,CAST('2022-02-22' AS DATE), 43)
INSERT [dbo].[PAYMENT]([PAYMENTID], [PAYMENTTYPE], [CHEQUENUMBER], [CARDTYPE], [CEXPIRYDATE], [CNUMBER], [TRANSCATIONDATE], [ORDERID]) VALUES (160,'Card',NULL,'Credit Card',CAST('2026-01-15' AS DATE),622253203283543,CAST('2022-02-22' AS DATE), 45)
INSERT [dbo].[PAYMENT]([PAYMENTID], [PAYMENTTYPE], [CHEQUENUMBER], [CARDTYPE], [CEXPIRYDATE], [CNUMBER], [TRANSCATIONDATE], [ORDERID]) VALUES (161,'Card',NULL,'Credit Card',CAST('2026-01-15' AS DATE),622253203293543,CAST('2022-02-22' AS DATE), 47)
INSERT [dbo].[PAYMENT]([PAYMENTID], [PAYMENTTYPE], [CHEQUENUMBER], [CARDTYPE], [CEXPIRYDATE], [CNUMBER], [TRANSCATIONDATE], [ORDERID]) VALUES (162,'Card',NULL,'Credit Card',CAST('2026-01-15' AS DATE),622253203363543,CAST('2022-02-22' AS DATE), 49)
INSERT [dbo].[PAYMENT]([PAYMENTID], [PAYMENTTYPE], [CHEQUENUMBER], [CARDTYPE], [CEXPIRYDATE], [CNUMBER], [TRANSCATIONDATE], [ORDERID]) VALUES (163,'Card',NULL,'Credit Card',CAST('2026-01-15' AS DATE),622253203463543,CAST('2022-02-22' AS DATE), 83)
INSERT [dbo].[PAYMENT]([PAYMENTID], [PAYMENTTYPE], [CHEQUENUMBER], [CARDTYPE], [CEXPIRYDATE], [CNUMBER], [TRANSCATIONDATE], [ORDERID]) VALUES (164,'Card',NULL,'Credit Card',CAST('2026-01-15' AS DATE),622253203563543,CAST('2022-02-22' AS DATE), 72)
INSERT [dbo].[PAYMENT]([PAYMENTID], [PAYMENTTYPE], [CHEQUENUMBER], [CARDTYPE], [CEXPIRYDATE], [CNUMBER], [TRANSCATIONDATE], [ORDERID]) VALUES (165,'Card',NULL,'Credit Card',CAST('2026-01-15' AS DATE),622253203663543,CAST('2022-02-22' AS DATE), 75)
INSERT [dbo].[PAYMENT]([PAYMENTID], [PAYMENTTYPE], [CHEQUENUMBER], [CARDTYPE], [CEXPIRYDATE], [CNUMBER], [TRANSCATIONDATE], [ORDERID]) VALUES (166,'Card',NULL,'Credit Card',CAST('2026-01-15' AS DATE),622253203763543,CAST('2022-02-22' AS DATE), 77)
INSERT [dbo].[PAYMENT]([PAYMENTID], [PAYMENTTYPE], [CHEQUENUMBER], [CARDTYPE], [CEXPIRYDATE], [CNUMBER], [TRANSCATIONDATE], [ORDERID]) VALUES (167,'Card',NULL,'Credit Card',CAST('2026-01-15' AS DATE),622253203863543,CAST('2022-02-22' AS DATE), 46)


SET IDENTITY_INSERT PAYMENT OFF
GO





